district,state,sample_size,actual_stunting,actual_wasting,actual_underweight,predicted_stunting,predicted_wasting,predicted_underweight,error_stunting,error_wasting,error_underweight
1,1,300,23.22,21.67,25.08,24.23,19.02,24.32,-1.01,2.65,0.76
2,1,267,24.48,16.78,20.28,24.42,16.72,20.39,0.05,0.07,-0.11
3,37,229,21.32,14.34,17.44,24.89,12.53,15.3,-3.57,1.81,2.14
4,37,253,33.95,16.24,21.03,31.03,16.46,20.39,2.92,-0.22,0.65
5,1,361,24.42,14.81,18.18,25.01,15.04,18.97,-0.6,-0.23,-0.79
6,1,306,28.48,20.12,30.65,28.91,18.38,29.88,-0.43,1.74,0.77
7,1,141,17.03,14.84,21.98,21.33,13.32,15.26,-4.3,1.51,6.72
8,1,311,20.52,16.18,16.18,22.29,14.96,15.43,-1.77,1.23,0.75
9,1,252,21.89,11.45,14.81,22.72,12.38,14.59,-0.84,-0.94,0.22
10,1,216,29.54,16.46,15.19,26.55,16.78,15.85,2.99,-0.33,-0.66
11,1,314,17.34,22.25,19.65,23.07,15.6,15.13,-5.73,6.65,4.52
12,1,230,19.77,12.02,18.6,20.69,13.86,19.06,-0.92,-1.84,-0.46
13,1,230,21.16,28.63,32.78,23.23,23.95,31.55,-2.07,4.68,1.23
14,1,231,25.2,21.2,26.8,25.25,18.92,26.59,-0.05,2.28,0.21
15,1,250,24.65,9.72,14.24,23.76,11.45,14.64,0.9,-1.73,-0.41
16,1,277,29.7,8.58,14.19,29.25,11.22,15.22,0.45,-2.64,-1.02
17,1,358,23.12,13.71,19.62,26.34,13.91,18.86,-3.23,-0.2,0.76
18,1,227,25.0,19.67,16.39,25.72,17.88,16.6,-0.72,1.79,-0.2
19,1,248,32.5,18.93,31.07,29.23,18.0,30.39,3.27,0.93,0.68
20,1,338,16.39,11.67,11.39,21.13,13.06,12.32,-4.74,-1.39,-0.93
21,1,216,25.52,15.48,16.74,22.98,13.58,17.12,2.54,1.9,-0.38
22,1,262,23.57,15.82,14.14,22.77,14.79,15.52,0.8,1.04,-1.37
23,2,242,37.32,13.77,24.28,32.59,15.44,25.11,4.73,-1.68,-0.84
24,2,187,23.81,17.14,27.62,25.45,16.97,27.38,-1.64,0.18,0.24
25,2,187,24.31,13.3,16.06,30.63,14.13,16.88,-6.31,-0.83,-0.82
26,2,196,34.58,14.02,24.77,31.58,15.61,24.61,3.0,-1.59,0.16
27,2,219,31.33,18.03,21.46,29.35,15.98,20.81,1.98,2.05,0.65
28,2,148,24.69,12.96,21.6,25.19,12.96,21.08,-0.5,-0.0,0.53
29,2,215,21.98,11.64,22.84,21.8,11.01,21.3,0.18,0.63,1.54
30,2,176,38.62,11.11,36.51,33.88,15.85,35.96,4.74,-4.74,0.54
31,2,202,28.76,15.45,22.75,25.83,15.25,19.15,2.92,0.2,3.59
32,2,307,27.91,16.56,22.7,27.33,15.96,25.51,0.58,0.6,-2.81
33,2,162,26.9,13.45,11.11,27.44,14.76,14.01,-0.54,-1.31,-2.9
34,2,158,29.82,9.94,17.54,28.9,11.75,17.77,0.93,-1.81,-0.22
36,3,223,22.0,11.2,17.2,21.39,10.96,17.09,0.61,0.24,0.11
37,3,181,20.0,8.44,13.78,20.3,9.12,14.23,-0.3,-0.68,-0.46
38,3,201,18.52,11.11,12.5,20.29,11.73,14.5,-1.77,-0.62,-2.0
39,3,230,16.73,11.02,11.02,19.28,11.16,11.55,-2.54,-0.14,-0.53
40,3,203,27.83,6.52,16.52,25.37,8.03,16.52,2.45,-1.51,0.0
41,3,192,18.53,4.74,10.34,21.62,9.21,16.96,-3.08,-4.46,-6.61
42,3,225,20.0,10.59,15.29,22.42,11.44,15.92,-2.42,-0.86,-0.63
44,3,238,29.96,11.91,27.08,29.17,15.7,24.97,0.8,-3.78,2.11
45,3,255,24.65,9.15,18.31,24.04,10.41,18.63,0.61,-1.26,-0.32
46,3,201,19.13,12.61,19.13,21.42,12.85,19.6,-2.29,-0.25,-0.47
47,3,265,31.44,11.04,20.4,28.98,15.35,26.15,2.46,-4.31,-5.75
48,3,204,17.08,7.92,15.42,19.88,9.21,16.12,-2.8,-1.29,-0.7
49,3,221,17.05,9.69,9.69,20.16,9.74,11.01,-3.1,-0.05,-1.32
50,3,266,21.64,9.51,13.11,21.97,9.64,14.36,-0.33,-0.13,-1.25
51,3,193,14.02,8.41,13.55,15.78,9.44,14.12,-1.76,-1.03,-0.57
52,3,197,20.66,7.85,18.18,21.44,10.24,16.0,-0.78,-2.39,2.18
53,3,209,18.82,8.24,14.9,20.75,8.88,15.25,-1.92,-0.65,-0.35
54,3,209,29.24,7.2,13.98,25.99,8.96,14.38,3.25,-1.76,-0.4
55,4,156,21.84,8.62,18.97,21.09,9.26,18.21,0.75,-0.64,0.75
56,5,273,30.94,8.75,21.25,29.56,11.48,21.9,1.38,-2.73,-0.65
57,5,242,29.71,13.77,19.93,27.29,13.85,21.2,2.42,-0.08,-1.28
58,5,297,24.14,7.52,11.29,27.82,13.08,18.26,-3.68,-5.56,-6.98
59,5,266,27.08,11.81,19.44,28.4,13.9,20.86,-1.32,-2.09,-1.41
60,5,183,16.33,6.77,14.34,18.48,8.1,14.53,-2.14,-1.33,-0.18
61,5,174,27.51,10.58,16.4,28.92,13.13,17.82,-1.4,-2.55,-1.42
62,5,240,23.85,11.15,18.85,25.58,12.38,19.74,-1.74,-1.22,-0.89
63,5,245,21.35,7.12,10.86,26.58,13.96,20.6,-5.23,-6.84,-9.74
64,5,203,23.85,14.68,20.64,26.69,14.35,21.23,-2.84,0.33,-0.59
65,5,304,22.19,10.62,13.44,25.2,12.27,15.46,-3.01,-1.65,-2.03
66,5,316,22.58,12.61,14.37,25.74,13.5,21.27,-3.16,-0.89,-6.9
67,5,319,22.16,10.82,19.0,24.31,11.34,19.88,-2.15,-0.52,-0.89
68,5,276,24.72,12.08,20.51,26.14,12.23,23.77,-1.42,-0.15,-3.27
69,6,148,17.49,9.84,16.39,19.8,9.79,16.84,-2.31,0.05,-0.45
70,6,275,20.45,9.42,11.69,21.69,10.35,13.05,-1.24,-0.94,-1.36
71,6,298,23.74,11.28,20.77,25.56,11.82,21.14,-1.82,-0.55,-0.37
72,6,292,20.11,10.06,18.1,21.4,9.33,16.45,-1.29,0.72,1.65
73,6,221,24.62,15.53,23.48,23.94,11.94,20.16,0.68,3.59,3.32
74,6,347,26.53,8.75,19.89,25.06,10.44,19.12,1.46,-1.69,0.77
75,6,290,21.92,8.71,16.52,23.28,10.73,16.39,-1.36,-2.02,0.12
76,6,283,22.67,7.33,12.67,24.36,9.79,14.53,-1.7,-2.45,-1.86
77,6,267,21.04,7.44,19.09,22.48,10.66,19.59,-1.44,-3.21,-0.5
78,6,270,20.9,13.83,23.15,23.08,14.75,24.15,-2.18,-0.93,-1.0
79,6,132,22.22,11.76,21.57,26.59,15.1,23.84,-4.36,-3.34,-2.27
80,6,268,23.33,12.42,17.58,22.9,11.41,19.0,0.44,1.01,-1.42
82,6,250,24.15,10.54,18.71,24.32,13.57,24.37,-0.18,-3.03,-5.66
83,6,231,15.48,7.14,10.71,18.31,9.27,12.87,-2.83,-2.13,-2.15
84,6,233,22.39,7.72,14.29,23.66,10.53,16.26,-1.26,-2.81,-1.97
85,6,233,24.81,8.53,19.77,22.53,13.83,17.42,2.28,-5.3,2.35
86,6,175,17.11,12.28,17.54,19.3,11.95,17.73,-2.2,0.33,-0.19
87,6,571,37.28,12.28,32.34,35.7,13.06,32.25,1.58,-0.78,0.09
88,6,278,27.76,7.36,17.39,23.14,12.07,17.94,4.62,-4.71,-0.54
89,6,430,28.12,8.33,19.38,28.63,10.39,20.78,-0.5,-2.06,-1.41
99,8,343,22.51,20.42,23.82,28.3,18.74,31.76,-5.78,1.68,-7.94
100,8,380,22.33,17.48,18.93,25.71,18.4,20.44,-3.38,-0.93,-1.51
101,8,515,20.82,22.42,26.51,26.18,19.77,27.88,-5.36,2.65,-1.37
102,8,438,22.64,14.17,20.47,26.85,14.91,21.2,-4.21,-0.73,-0.73
103,8,324,18.46,12.12,18.18,26.11,16.61,22.36,-7.65,-4.48,-4.18
104,8,378,28.73,13.38,20.83,29.58,14.98,21.85,-0.85,-1.6,-1.02
105,8,437,35.32,10.52,25.79,33.5,13.61,25.79,1.82,-3.09,0.0
106,8,504,41.06,12.21,28.85,37.52,16.2,29.83,3.54,-3.99,-0.98
107,8,416,33.69,23.54,34.56,34.3,19.81,34.08,-0.61,3.73,0.48
108,8,334,21.74,16.67,19.81,25.98,16.11,20.57,-4.25,0.56,-0.77
109,8,395,34.17,18.35,30.73,33.37,18.12,31.72,0.8,0.23,-0.98
110,8,346,22.48,13.44,18.35,27.99,19.78,28.43,-5.51,-6.34,-10.08
111,8,381,19.82,11.16,16.86,24.28,13.66,19.47,-4.46,-2.49,-2.62
112,8,446,29.09,14.14,24.04,30.38,16.14,26.54,-1.29,-1.99,-2.5
113,8,536,30.89,12.39,24.43,32.95,14.24,25.75,-2.06,-1.85,-1.32
114,8,585,23.76,22.17,29.67,34.71,17.27,30.92,-10.95,4.9,-1.25
115,8,631,37.93,10.49,30.73,36.33,13.77,31.75,1.6,-3.27,-1.01
116,8,499,37.11,11.87,31.91,36.34,14.71,31.95,0.77,-2.83,-0.03
117,8,384,28.1,14.52,28.1,30.31,16.61,29.47,-2.21,-2.09,-1.37
118,8,354,34.39,16.93,35.19,32.69,17.09,34.0,1.7,-0.16,1.18
119,8,294,20.18,17.47,21.39,23.74,16.74,21.88,-3.56,0.73,-0.5
120,8,311,28.25,14.96,24.1,29.87,16.63,25.04,-1.61,-1.67,-0.94
121,8,417,27.45,16.99,27.67,34.82,18.55,31.42,-7.37,-1.55,-3.75
122,8,328,20.0,14.86,21.35,31.83,18.76,31.21,-11.83,-3.89,-9.86
123,8,324,27.2,14.29,21.7,31.05,17.54,24.54,-3.85,-3.26,-2.84
124,8,383,30.08,14.79,24.31,33.27,17.36,26.59,-3.2,-2.57,-2.28
125,8,373,40.53,15.53,35.44,38.44,16.5,35.71,2.1,-0.96,-0.27
126,8,296,27.01,12.07,22.99,29.17,13.99,23.69,-2.16,-1.93,-0.7
127,8,305,26.53,18.95,25.66,28.43,18.72,25.91,-1.9,0.23,-0.26
128,8,415,41.32,19.56,37.36,36.44,18.57,36.06,4.88,0.99,1.3
129,8,347,29.93,23.94,34.41,30.94,21.43,33.58,-1.02,2.51,0.84
130,8,366,32.05,7.69,24.36,32.61,12.75,26.77,-0.56,-5.06,-2.41
131,8,364,25.3,20.53,26.97,37.17,19.67,34.56,-11.87,0.85,-7.59
132,9,455,27.31,18.88,25.3,28.59,17.28,25.81,-1.28,1.6,-0.51
134,9,385,33.03,8.26,19.95,28.36,11.73,23.65,4.67,-3.47,-3.7
136,9,335,31.73,13.94,25.96,29.84,13.0,26.64,1.89,0.94,-0.68
137,9,520,38.43,18.61,32.35,34.6,16.83,31.63,3.84,1.78,0.72
138,9,418,29.19,8.28,21.53,27.67,9.43,21.19,1.52,-1.15,0.34
139,9,389,21.32,8.32,21.96,23.45,9.96,22.09,-2.13,-1.64,-0.13
141,9,237,20.07,9.54,18.09,22.09,10.38,18.18,-2.03,-0.84,-0.09
142,9,410,30.61,11.63,22.45,29.32,11.71,22.53,1.29,-0.08,-0.08
143,9,387,30.53,9.07,22.57,30.11,10.03,22.22,0.42,-0.96,0.35
144,9,458,35.08,10.85,22.09,33.1,11.35,22.6,1.98,-0.49,-0.51
145,9,458,26.73,9.91,18.69,28.23,11.73,20.54,-1.5,-1.82,-1.85
146,9,472,34.4,13.61,24.2,32.74,15.26,23.48,1.66,-1.65,0.72
147,9,442,40.0,8.16,22.33,33.21,15.35,23.92,6.79,-7.19,-1.59
148,9,426,38.41,12.4,29.88,31.04,13.78,25.27,7.37,-1.38,4.61
150,9,298,35.14,11.37,26.87,28.36,12.65,26.36,6.78,-1.28,0.52
151,9,302,34.2,17.53,35.06,33.7,16.15,33.93,0.5,1.38,1.13
152,9,575,40.28,14.62,31.26,37.53,16.89,36.2,2.75,-2.27,-4.94
153,9,446,40.69,13.44,31.86,35.38,16.31,29.19,5.31,-2.87,2.67
154,9,450,39.02,15.06,31.03,39.0,15.47,31.07,0.02,-0.41,-0.03
155,9,444,37.55,19.06,29.06,37.5,17.71,29.29,0.04,1.35,-0.24
156,9,315,33.6,10.3,25.2,33.73,14.63,26.18,-0.12,-4.33,-0.97
157,9,211,27.78,9.92,21.83,26.9,10.7,21.55,0.87,-0.77,0.28
159,9,482,42.35,12.5,27.99,39.02,14.26,28.05,3.33,-1.76,-0.07
160,9,451,35.28,17.73,29.25,34.07,17.04,29.67,1.22,0.7,-0.42
161,9,421,34.46,11.42,21.56,32.09,13.52,22.54,2.37,-2.11,-0.97
162,9,402,33.89,16.21,28.42,33.04,16.2,27.51,0.85,0.01,0.91
163,9,341,33.93,9.15,26.56,30.11,14.77,25.36,3.82,-5.62,1.2
164,9,258,26.69,16.56,24.23,28.01,16.3,25.23,-1.32,0.26,-1.0
165,9,358,42.75,17.36,33.94,38.02,17.65,32.87,4.72,-0.29,1.07
166,9,344,37.43,21.99,37.43,35.88,21.21,35.49,1.55,0.78,1.94
167,9,470,39.42,16.42,31.57,37.53,18.68,32.06,1.88,-2.26,-0.5
168,9,404,42.76,18.42,33.33,36.51,19.11,33.21,6.25,-0.69,0.12
169,9,443,37.05,21.31,30.88,34.36,20.03,30.84,2.69,1.28,0.03
170,9,389,43.42,20.18,44.3,39.08,20.52,43.67,4.34,-0.34,0.63
171,9,370,39.91,19.95,36.96,37.82,18.01,35.77,2.08,1.95,1.2
172,9,380,44.07,15.44,34.45,40.0,16.9,33.21,4.07,-1.46,1.24
173,9,374,30.37,9.11,25.23,29.78,11.08,24.93,0.59,-1.97,0.3
174,9,394,32.51,14.81,30.04,32.76,14.9,30.37,-0.25,-0.08,-0.33
175,9,352,30.47,11.51,26.86,29.94,12.32,26.1,0.53,-0.81,0.76
176,9,398,33.33,14.14,26.26,37.36,15.84,30.85,-4.02,-1.7,-4.58
177,9,374,26.71,10.5,24.2,26.91,10.8,22.92,-0.2,-0.3,1.28
178,9,313,25.94,14.71,24.6,26.88,14.1,23.58,-0.95,0.61,1.02
180,9,544,41.88,11.62,31.74,39.96,14.71,32.76,1.92,-3.09,-1.02
181,9,627,44.49,17.57,36.4,41.7,17.09,35.26,2.79,0.48,1.15
182,9,577,35.79,19.7,32.78,37.94,16.69,32.19,-2.15,3.01,0.59
183,9,418,39.47,10.63,25.36,33.15,16.7,29.65,6.32,-6.06,-4.29
184,9,573,33.76,20.54,33.92,37.15,17.52,35.65,-3.39,3.02,-1.74
185,9,457,32.16,20.86,36.06,32.81,18.75,33.88,-0.64,2.11,2.18
186,9,452,37.85,16.93,32.07,35.5,16.97,31.29,2.34,-0.04,0.79
187,9,404,34.47,18.09,32.55,32.74,17.4,31.67,1.73,0.68,0.88
188,9,389,25.44,19.25,29.87,27.65,17.18,28.51,-2.2,2.06,1.35
189,9,450,27.26,20.92,33.4,28.13,18.63,32.09,-0.88,2.29,1.3
190,9,350,30.92,22.71,34.78,30.92,19.12,31.8,-0.0,3.59,2.99
191,9,360,28.24,11.57,23.61,28.23,12.2,23.99,0.01,-0.63,-0.38
192,9,345,23.04,17.02,28.01,26.58,15.11,27.67,-3.55,1.91,0.34
193,9,358,41.25,20.1,40.73,31.17,17.51,30.04,10.09,2.6,10.69
194,9,459,37.1,13.51,28.83,32.68,15.19,26.58,4.41,-1.68,2.25
195,9,400,34.85,21.87,35.08,33.19,18.62,33.79,1.66,3.25,1.29
196,9,424,32.79,14.05,25.66,32.48,14.47,26.98,0.31,-0.42,-1.32
197,9,360,33.16,17.36,34.72,29.66,16.47,30.25,3.5,0.89,4.47
198,9,491,36.71,7.87,23.08,32.25,10.03,24.09,4.46,-2.16,-1.01
199,9,378,36.62,10.31,23.68,33.7,12.56,25.22,2.92,-2.25,-1.53
200,9,437,34.34,21.82,40.81,33.7,14.45,26.91,0.64,7.37,13.9
201,9,453,43.08,12.67,27.68,34.6,14.4,24.23,8.48,-1.73,3.45
202,9,492,38.74,15.7,30.89,36.53,15.52,31.24,2.21,0.18,-0.35
203,10,431,36.71,10.52,26.0,38.01,13.83,27.86,-1.3,-3.31,-1.86
204,10,511,41.36,14.29,32.89,41.07,15.68,32.99,0.29,-1.39,-0.1
205,10,366,29.2,28.74,36.55,33.42,24.5,36.3,-4.23,4.24,0.25
206,10,496,44.5,13.0,34.0,42.74,14.88,34.4,1.76,-1.88,-0.4
207,10,417,38.16,15.09,32.29,38.09,16.68,32.86,0.07,-1.59,-0.58
208,10,596,36.78,22.01,39.44,38.75,21.64,40.28,-1.97,0.37,-0.84
209,10,636,42.53,20.27,42.13,41.06,18.99,42.22,1.48,1.28,-0.08
210,10,472,32.1,19.93,34.74,33.59,18.03,35.04,-1.49,1.9,-0.29
211,10,516,36.82,21.06,39.71,38.16,17.35,35.6,-1.35,3.71,4.11
212,10,450,35.45,19.09,39.64,35.09,18.6,38.73,0.36,0.49,0.91
213,10,538,41.31,17.7,38.52,40.67,17.88,38.04,0.64,-0.17,0.49
214,10,504,40.07,17.03,36.56,38.07,17.82,36.49,1.99,-0.79,0.07
215,10,443,41.05,16.9,35.41,40.18,16.26,32.95,0.87,0.64,2.46
216,10,452,37.94,18.09,32.49,36.89,17.26,32.69,1.04,0.84,-0.2
217,10,432,31.68,18.84,27.54,33.07,17.38,28.66,-1.39,1.47,-1.12
218,10,347,30.44,14.05,26.23,30.97,14.72,25.37,-0.52,-0.67,0.86
219,10,456,31.69,23.5,38.07,32.54,20.31,36.67,-0.85,3.19,1.4
220,10,426,31.95,16.77,33.73,33.81,18.06,33.86,-1.86,-1.3,-0.13
221,10,483,38.69,18.07,37.96,38.4,17.75,37.58,0.29,0.31,0.38
222,10,493,33.39,19.16,32.86,35.07,18.42,33.08,-1.68,0.73,-0.22
223,10,627,31.18,21.29,33.38,33.76,18.53,33.68,-2.57,2.77,-0.3
224,10,498,34.81,19.54,36.94,35.1,18.67,37.04,-0.29,0.86,-0.1
225,10,462,41.55,23.69,42.33,40.68,21.11,41.46,0.87,2.58,0.87
226,10,485,32.66,22.26,35.22,34.24,19.25,34.92,-1.57,3.02,0.3
227,10,568,39.26,23.24,41.67,39.77,17.82,36.09,-0.51,5.42,5.57
228,10,485,46.42,13.62,33.87,40.62,17.49,34.36,5.79,-3.87,-0.49
229,10,473,37.5,23.13,41.42,37.72,21.26,40.81,-0.22,1.88,0.61
230,10,384,30.43,22.88,35.24,32.01,17.22,32.88,-1.57,5.66,2.36
231,10,490,36.63,27.66,41.03,36.44,20.95,41.76,0.19,6.7,-0.73
232,10,469,34.72,29.25,42.26,35.23,17.74,34.56,-0.51,11.51,7.7
233,10,493,40.18,22.88,42.7,38.02,21.59,42.55,2.16,1.3,0.15
234,10,459,35.66,24.53,39.06,35.06,19.95,36.31,0.6,4.57,2.74
235,10,466,38.24,28.82,46.47,37.5,24.83,45.01,0.74,3.99,1.46
236,10,458,42.61,20.43,39.11,41.65,18.75,37.91,0.96,1.68,1.19
237,10,504,46.35,15.33,34.67,42.72,15.82,34.43,3.63,-0.5,0.24
238,10,546,39.28,18.17,35.19,40.34,17.73,35.51,-1.06,0.44,-0.33
239,10,467,37.52,32.69,48.36,35.3,18.95,32.96,2.23,13.74,15.4
240,10,494,39.01,31.74,48.05,39.87,26.08,47.12,-0.87,5.66,0.93
241,11,155,22.22,4.44,9.44,22.34,6.91,10.1,-0.12,-2.46,-0.66
242,11,159,25.9,15.66,15.66,26.47,15.27,15.92,-0.57,0.39,-0.26
243,11,122,27.07,6.02,9.02,27.35,7.63,10.51,-0.28,-1.62,-1.49
244,11,94,10.64,8.51,8.51,14.03,8.79,9.35,-3.39,-0.28,-0.84
245,12,256,28.32,5.73,7.89,25.48,7.98,9.61,2.83,-2.25,-1.72
246,12,188,21.67,19.7,15.27,24.2,14.95,16.82,-2.52,4.75,-1.55
247,12,361,32.16,14.07,12.31,31.3,13.89,12.63,0.86,0.18,-0.32
248,12,261,22.33,6.67,11.0,22.44,8.49,11.18,-0.11,-1.82,-0.18
249,12,348,36.31,9.76,17.62,33.07,11.6,17.76,3.25,-1.85,-0.14
252,12,200,27.68,10.27,11.61,29.35,13.81,14.86,-1.67,-3.54,-3.25
253,12,292,22.48,15.64,22.15,27.05,15.15,22.94,-4.58,0.48,-0.79
255,12,210,29.86,10.41,7.69,29.79,11.78,8.99,0.08,-1.38,-1.29
257,12,189,16.34,15.84,15.84,26.59,9.49,11.98,-10.25,6.35,3.86
258,12,258,12.36,7.12,9.36,27.56,12.53,18.9,-15.2,-5.41,-9.54
260,12,207,22.83,12.33,15.07,25.03,11.91,14.27,-2.2,0.41,0.8
261,13,237,35.63,6.88,23.89,35.81,11.7,23.84,-0.18,-4.81,0.04
262,13,201,32.38,12.38,25.24,29.45,13.09,24.45,2.93,-0.71,0.79
263,13,228,44.17,27.5,45.42,37.96,23.15,43.37,6.2,4.35,2.05
264,13,167,22.73,19.89,21.02,25.82,19.18,21.33,-3.09,0.7,-0.31
265,13,199,24.32,20.27,24.32,26.66,17.39,23.68,-2.34,2.88,0.64
266,13,289,26.2,9.9,14.7,29.04,11.9,15.58,-2.84,-1.99,-0.89
267,13,362,33.33,23.16,31.81,34.28,21.7,31.54,-0.94,1.46,0.27
268,13,336,32.59,20.06,25.35,33.53,19.88,25.76,-0.94,0.18,-0.41
269,13,302,35.5,9.76,25.44,36.13,12.62,25.5,-0.62,-2.86,-0.06
270,13,185,28.72,22.56,22.56,28.74,20.14,22.56,-0.03,2.42,0.0
271,13,332,31.75,8.08,18.66,32.51,10.0,20.44,-0.76,-1.93,-1.78
272,14,389,23.43,11.59,12.32,27.74,13.33,12.42,-4.31,-1.73,-0.1
273,14,348,24.67,9.81,18.57,27.36,11.07,17.14,-2.69,-1.25,1.43
274,14,402,22.84,12.12,10.26,28.96,11.09,19.32,-6.12,1.03,-9.06
275,14,294,14.37,6.88,10.94,18.94,8.92,11.38,-4.57,-2.04,-0.44
276,14,351,29.65,7.82,14.02,28.45,9.12,13.56,1.2,-1.3,0.45
277,14,237,14.8,8.4,9.6,17.39,10.23,9.91,-2.59,-1.83,-0.31
278,14,285,17.03,10.41,13.25,19.92,9.91,10.52,-2.88,0.5,2.72
279,14,358,25.19,9.82,13.6,26.11,11.29,14.04,-0.92,-1.47,-0.44
280,14,323,31.14,6.86,11.43,29.97,8.83,11.61,1.17,-1.97,-0.18
281,15,299,26.54,7.44,13.92,29.48,13.71,18.36,-2.94,-6.27,-4.45
282,15,327,32.16,9.65,13.16,30.42,10.48,13.88,1.74,-0.83,-0.72
283,15,202,19.52,5.18,7.17,22.17,9.45,14.72,-2.65,-4.27,-7.55
284,15,220,25.96,11.06,12.77,27.55,13.0,14.21,-1.6,-1.94,-1.44
285,15,307,30.43,7.14,13.35,28.28,9.93,14.28,2.16,-2.78,-0.93
286,15,217,25.33,9.33,10.67,27.14,10.22,10.89,-1.8,-0.89,-0.23
287,15,354,29.43,13.97,15.71,32.7,16.09,17.08,-3.27,-2.13,-1.37
288,15,333,40.38,7.05,16.8,35.86,10.83,17.42,4.52,-3.78,-0.61
291,16,296,42.27,14.51,26.18,39.68,16.63,27.23,2.59,-2.12,-1.05
295,17,310,29.38,17.19,20.62,31.12,17.05,22.43,-1.74,0.14,-1.8
297,17,651,40.12,16.16,26.7,40.51,16.17,27.08,-0.4,-0.01,-0.38
298,17,402,39.48,9.01,21.24,37.32,10.73,21.82,2.17,-1.72,-0.57
300,18,271,29.72,17.03,32.2,30.64,17.24,29.96,-0.92,-0.21,2.24
302,18,311,36.23,20.96,33.83,35.3,19.1,33.26,0.93,1.86,0.57
303,18,324,27.32,17.46,25.35,30.67,17.48,25.86,-3.34,-0.01,-0.51
304,18,343,38.58,14.44,29.4,36.36,16.7,29.39,2.22,-2.27,0.01
307,18,265,36.79,16.79,33.21,34.44,17.11,32.03,2.35,-0.32,1.19
308,18,272,33.55,15.79,23.68,34.09,16.5,24.57,-0.54,-0.71,-0.89
309,18,253,28.98,19.08,29.33,31.17,18.56,30.1,-2.2,0.52,-0.77
310,18,259,25.63,19.49,31.05,28.98,18.06,31.65,-3.35,1.43,-0.61
313,18,210,24.68,16.88,24.68,31.24,16.59,26.28,-6.57,0.29,-1.61
315,18,231,28.29,21.12,21.12,29.96,18.64,20.83,-1.67,2.48,0.29
316,18,366,26.46,26.72,35.62,29.08,21.03,34.68,-2.62,5.69,0.94
317,18,439,26.54,41.19,50.53,32.57,32.94,47.76,-6.03,8.25,2.77
318,18,405,37.53,19.09,37.53,32.44,19.21,42.25,5.09,-0.12,-4.72
319,18,276,39.75,18.01,33.85,36.51,17.69,33.03,3.24,0.32,0.82
320,18,293,39.01,17.34,38.08,36.25,17.04,37.22,2.75,0.29,0.86
321,18,228,18.05,12.41,17.67,24.37,14.05,18.65,-6.32,-1.64,-0.98
322,18,182,22.82,16.99,24.76,25.36,17.22,24.64,-2.54,-0.23,0.12
323,18,245,25.48,14.45,25.48,27.92,16.44,25.72,-2.45,-1.99,-0.24
324,18,320,37.96,14.73,32.01,35.16,16.31,31.86,2.8,-1.58,0.15
325,18,307,38.12,22.87,29.91,36.54,20.0,29.52,1.59,2.88,0.4
326,18,250,30.22,18.71,30.22,35.32,17.78,28.63,-5.11,0.93,1.59
327,19,214,32.34,19.57,31.06,30.95,17.85,30.42,1.39,1.72,0.65
328,19,225,27.27,16.12,24.38,32.74,17.4,28.71,-5.47,-1.28,-4.33
329,19,296,27.5,15.62,21.56,29.52,17.54,23.7,-2.02,-1.91,-2.13
330,19,372,42.25,15.0,30.75,40.13,16.77,31.52,2.12,-1.77,-0.77
331,19,278,31.27,21.65,29.55,31.27,17.81,30.05,0.0,3.84,-0.5
332,19,376,37.28,17.53,32.59,35.72,17.47,32.04,1.57,0.06,0.55
333,19,355,36.98,14.84,30.99,33.97,17.28,30.97,3.01,-2.44,0.02
334,19,334,33.88,23.14,40.22,34.34,20.56,39.61,-0.46,2.58,0.61
336,19,199,24.53,16.04,23.11,24.42,16.39,23.78,0.11,-0.35,-0.67
337,19,241,31.58,12.96,23.08,29.42,13.4,24.0,2.16,-0.45,-0.93
338,19,199,27.27,18.66,32.06,27.93,17.79,30.53,-0.66,0.87,1.53
339,19,201,25.62,21.07,32.64,28.99,20.12,32.55,-3.37,0.96,0.1
340,19,288,34.82,26.84,44.73,33.04,18.68,34.5,1.78,8.16,10.22
341,19,219,26.92,18.38,26.5,27.23,16.55,25.42,-0.31,1.82,1.08
342,19,123,24.14,24.83,31.72,24.65,20.04,29.36,-0.51,4.79,2.37
343,19,266,33.22,17.79,30.2,33.28,17.91,30.02,-0.06,-0.13,0.18
344,19,242,27.7,26.98,36.69,30.76,17.96,29.69,-3.06,9.02,7.0
345,19,223,21.96,13.33,26.67,24.91,14.14,26.62,-2.95,-0.8,0.04
346,20,402,42.73,17.0,36.47,39.89,17.5,36.36,2.84,-0.5,0.1
347,20,442,36.13,14.84,33.98,36.39,15.72,33.75,-0.25,-0.88,0.23
348,20,485,31.5,15.57,28.21,30.62,15.97,28.73,0.88,-0.4,-0.52
349,20,402,27.68,23.39,30.47,36.41,19.56,37.52,-8.73,3.83,-7.05
350,20,433,36.64,15.38,32.59,37.87,17.5,33.13,-1.23,-2.11,-0.54
351,20,344,33.58,20.68,35.52,35.16,19.42,35.14,-1.58,1.26,0.39
352,20,473,42.54,17.13,39.41,41.28,16.66,38.84,1.26,0.46,0.57
353,20,404,45.15,20.48,45.37,43.13,18.13,44.11,2.03,2.36,1.26
354,20,331,25.28,13.33,24.44,30.12,15.63,25.08,-4.84,-2.3,-0.64
355,20,296,32.12,18.48,30.0,31.42,17.73,30.91,0.71,0.75,-0.91
356,20,366,39.58,24.01,41.16,35.27,17.36,30.39,4.31,6.65,10.77
357,20,253,31.77,24.55,37.55,32.89,18.14,32.59,-1.12,6.41,4.96
358,20,479,38.95,16.48,33.52,37.03,16.77,33.09,1.93,-0.29,0.43
359,20,438,37.66,18.09,37.23,37.02,16.73,35.7,0.64,1.36,1.53
360,20,427,31.42,13.22,27.39,30.13,14.78,27.89,1.29,-1.56,-0.5
361,20,332,31.34,21.25,32.43,29.94,16.79,28.39,1.4,4.46,4.04
362,20,342,33.77,24.61,40.84,38.35,19.33,44.88,-4.58,5.28,-4.04
363,20,284,34.0,18.29,38.57,35.16,18.02,38.45,-1.16,0.26,0.12
364,20,288,24.09,24.7,37.8,33.54,21.46,35.1,-9.45,3.24,2.7
365,20,276,34.87,25.99,42.11,37.11,21.75,41.11,-2.24,4.24,1.0
366,20,353,34.65,17.57,35.4,35.88,17.72,35.85,-1.23,-0.15,-0.46
367,20,346,38.64,19.58,34.46,35.81,18.76,40.29,2.84,0.82,-5.83
368,20,429,54.37,27.72,57.78,49.87,23.98,56.28,4.51,3.74,1.51
369,20,272,35.24,26.03,42.54,35.46,22.01,41.3,-0.22,4.03,1.24
370,21,218,37.12,16.59,28.82,30.59,19.15,30.25,6.53,-2.56,-1.43
371,21,183,25.0,15.0,24.5,25.83,13.91,21.83,-0.83,1.09,2.67
372,21,212,37.99,23.58,34.5,31.58,20.35,31.49,6.41,3.23,3.01
373,21,214,25.41,23.36,30.74,29.49,19.26,30.58,-4.08,4.11,0.16
374,21,174,27.49,17.06,29.38,30.18,16.93,30.03,-2.69,0.13,-0.65
375,21,310,33.24,22.06,35.0,33.96,19.18,34.01,-0.72,2.88,0.99
376,21,264,34.6,24.91,41.87,36.11,23.17,41.5,-1.51,1.74,0.37
377,21,231,22.49,13.65,21.29,25.29,15.88,23.2,-2.8,-2.23,-1.91
378,21,262,28.19,13.42,25.84,30.27,17.05,28.15,-2.08,-3.63,-2.32
379,21,204,23.83,5.96,15.32,26.34,10.84,17.88,-2.51,-4.88,-2.56
380,21,184,12.5,9.9,10.94,15.87,11.06,11.68,-3.37,-1.17,-0.75
381,21,180,19.37,13.61,18.32,21.88,12.99,18.54,-2.51,0.62,-0.21
382,21,274,23.03,14.47,19.74,29.62,18.25,29.38,-6.6,-3.78,-9.64
383,21,219,30.71,19.92,28.63,30.8,18.06,28.56,-0.1,1.85,0.08
384,21,255,26.64,22.99,29.2,30.0,20.12,29.47,-3.36,2.87,-0.28
385,21,247,19.37,10.28,19.76,23.7,12.94,20.47,-4.33,-2.66,-0.71
386,21,212,15.9,11.72,15.48,18.49,11.28,16.47,-2.59,0.43,-0.99
387,21,209,13.06,8.56,10.81,21.46,12.53,19.36,-8.4,-3.97,-8.55
388,21,268,21.55,9.09,16.84,24.03,11.12,17.74,-2.48,-2.03,-0.9
389,21,272,40.74,14.48,32.66,40.22,17.16,33.97,0.52,-2.69,-1.31
390,21,353,32.01,20.37,33.6,34.24,18.74,32.9,-2.23,1.63,0.7
391,21,264,34.64,18.93,36.43,33.87,18.75,35.31,0.78,0.17,1.12
392,21,277,27.24,23.26,32.23,28.53,20.64,31.01,-1.28,2.62,1.22
393,21,256,30.11,22.22,35.13,31.28,17.53,29.3,-1.17,4.7,5.83
394,21,291,40.38,16.4,36.28,35.53,18.06,35.26,4.85,-1.66,1.02
395,21,296,29.75,16.46,31.65,33.5,17.57,32.65,-3.76,-1.11,-1.01
396,21,352,40.9,15.04,37.99,40.77,17.39,38.08,0.12,-2.35,-0.09
397,21,413,40.75,22.03,42.73,39.82,20.89,42.4,0.93,1.14,0.34
398,21,307,39.94,14.41,31.53,40.28,17.61,33.05,-0.34,-3.19,-1.52
399,21,397,39.69,17.29,37.69,40.35,18.95,37.83,-0.66,-1.65,-0.14
400,22,286,26.81,14.46,26.2,33.01,18.06,29.08,-6.2,-3.6,-2.87
402,22,302,32.04,15.27,29.64,33.07,16.62,29.68,-1.03,-1.35,-0.04
403,22,258,34.4,13.48,25.18,32.92,16.6,26.26,1.48,-3.13,-1.08
404,22,194,26.17,11.72,22.27,26.73,14.12,22.56,-0.56,-2.4,-0.29
405,22,272,27.62,19.68,26.67,29.3,19.07,26.92,-1.68,0.61,-0.25
407,22,291,34.41,9.97,25.72,35.28,14.74,27.5,-0.88,-4.77,-1.78
408,22,266,26.03,17.47,28.77,28.18,17.81,28.36,-2.15,-0.35,0.41
411,22,256,33.1,11.97,23.59,31.76,16.4,28.47,1.33,-4.43,-4.87
412,22,238,28.03,15.53,28.03,27.32,17.28,28.4,0.71,-1.75,-0.37
413,22,195,22.22,21.3,34.26,27.62,19.56,34.19,-5.4,1.73,0.07
415,22,314,40.8,20.69,37.64,40.37,20.5,38.4,0.44,0.19,-0.76
417,22,339,46.92,17.44,41.79,44.04,17.51,41.79,2.88,-0.07,0.01
418,23,382,38.72,13.72,32.96,39.43,15.38,33.3,-0.71,-1.66,-0.34
419,23,399,33.68,8.37,24.9,32.21,11.21,24.8,1.47,-2.84,0.09
420,23,318,28.23,10.75,25.81,28.94,13.15,26.22,-0.72,-2.39,-0.42
421,23,281,33.82,9.71,27.94,30.93,12.87,28.17,2.89,-3.17,-0.23
422,23,253,32.41,14.48,25.86,31.26,16.18,26.13,1.16,-1.7,-0.27
423,23,268,33.23,15.71,31.72,31.17,16.66,31.51,2.06,-0.95,0.21
424,23,129,20.0,14.44,24.44,22.23,15.06,24.38,-2.23,-0.61,0.06
425,23,309,38.04,15.22,30.16,30.6,15.57,27.26,7.45,-0.35,2.9
426,23,290,37.97,19.13,33.62,36.65,17.97,33.25,1.33,1.16,0.38
427,23,336,35.59,13.03,30.58,32.36,14.37,28.36,3.23,-1.34,2.22
428,23,303,34.63,13.02,27.98,33.52,15.18,27.91,1.11,-2.16,0.07
429,23,184,44.39,15.42,28.97,37.2,15.97,28.21,7.2,-0.55,0.76
430,23,327,32.19,15.04,27.7,33.0,15.05,26.61,-0.81,-0.01,1.1
431,23,291,40.31,12.62,33.85,37.85,16.92,34.39,2.45,-4.3,-0.54
432,23,319,30.17,12.07,25.57,33.44,18.85,33.94,-3.27,-6.78,-8.36
433,23,255,26.26,11.45,19.87,28.13,14.77,23.27,-1.87,-3.32,-3.41
434,23,354,26.92,14.62,26.67,29.75,15.6,26.73,-2.83,-0.99,-0.07
435,23,275,29.78,24.45,32.29,31.81,23.43,33.32,-2.03,1.02,-1.03
437,23,262,30.5,16.04,26.1,30.68,17.62,27.23,-0.18,-1.58,-1.13
438,23,203,28.05,21.72,31.22,32.15,18.53,30.75,-4.09,3.18,0.47
439,23,284,26.67,20.0,23.67,28.59,19.05,25.36,-1.92,0.95,-1.69
440,23,296,27.49,23.98,40.94,29.17,20.81,39.31,-1.69,3.16,1.63
441,23,482,42.67,17.14,38.86,37.42,20.42,36.28,5.25,-3.27,2.58
442,23,299,24.71,19.41,23.82,27.69,19.12,26.8,-2.98,0.29,-2.98
443,23,336,31.94,14.14,30.1,32.12,16.45,28.71,-0.19,-2.32,1.4
444,23,73,14.85,14.85,22.77,25.24,15.84,25.75,-10.39,-0.99,-2.98
445,23,266,17.4,15.63,22.42,23.4,16.36,23.36,-5.99,-0.73,-0.95
446,23,84,16.53,14.05,14.88,20.83,16.18,16.4,-4.31,-2.13,-1.53
447,23,298,27.41,19.28,28.31,30.56,18.9,29.22,-3.15,0.38,-0.9
448,23,292,33.83,23.95,31.14,33.95,21.16,31.68,-0.12,2.79,-0.54
449,23,240,26.96,13.79,21.32,27.08,15.53,24.21,-0.12,-1.74,-2.89
450,23,206,44.26,20.0,40.85,39.52,19.25,40.3,4.73,0.75,0.55
451,23,46,14.04,22.81,26.32,18.98,21.74,26.67,-4.95,1.07,-0.35
452,23,307,28.77,17.09,25.07,28.7,16.26,26.6,0.08,0.83,-1.53
453,23,301,34.62,14.5,30.77,33.46,16.64,30.95,1.15,-2.15,-0.18
454,23,280,28.71,13.88,29.65,29.89,15.59,29.77,-1.18,-1.71,-0.12
455,23,223,19.33,14.5,26.77,22.7,15.27,26.75,-3.37,-0.77,0.01
456,23,264,20.0,18.69,27.21,23.65,17.1,27.87,-3.65,1.59,-0.65
457,23,180,34.39,17.19,37.56,28.12,19.22,38.88,6.27,-2.02,-1.33
458,23,399,28.41,9.93,22.63,31.91,15.37,25.6,-3.5,-5.44,-2.96
459,23,269,26.99,16.26,26.99,29.15,16.98,26.81,-2.16,-0.73,0.18
460,23,233,37.05,17.99,33.45,33.58,16.7,32.3,3.47,1.29,1.15
461,23,264,21.67,15.0,27.33,26.27,16.71,27.75,-4.61,-1.71,-0.42
462,23,375,35.08,14.56,29.36,34.88,16.91,30.61,0.21,-2.35,-1.26
463,23,183,27.13,17.41,26.32,29.03,16.84,26.55,-1.9,0.57,-0.23
464,23,449,45.47,16.87,38.89,43.49,20.09,38.4,1.98,-3.22,0.49
465,23,414,32.14,14.51,30.58,35.16,16.83,31.22,-3.02,-2.32,-0.64
466,23,112,26.88,15.62,27.5,28.06,15.68,26.93,-1.18,-0.06,0.57
467,23,341,34.1,22.56,42.56,34.13,19.86,37.76,-0.03,2.7,4.8
468,24,322,33.71,18.0,30.57,32.19,18.6,30.25,1.53,-0.6,0.33
469,24,347,32.93,21.79,37.77,33.58,16.47,30.27,-0.65,5.32,7.5
470,24,297,44.64,18.15,38.1,39.86,18.64,37.93,4.78,-0.48,0.17
471,24,204,26.52,23.91,36.52,31.65,22.21,36.32,-5.12,1.71,0.2
473,24,200,32.07,25.32,38.4,30.76,22.21,36.13,1.3,3.1,2.27
478,24,227,16.47,18.47,24.1,28.3,15.81,25.7,-11.83,2.66,-1.61
480,24,210,28.92,18.88,25.7,28.25,14.0,25.97,0.67,4.88,-0.27
482,24,258,33.22,24.91,42.21,32.49,22.63,40.85,0.73,2.29,1.36
485,24,446,49.7,23.94,49.5,46.77,24.82,49.36,2.93,-0.87,0.14
487,24,296,45.08,21.59,51.11,37.89,25.55,46.49,7.19,-3.96,4.62
488,24,207,35.08,20.16,38.71,31.14,17.85,36.5,3.94,2.31,2.21
489,24,305,36.02,35.71,51.24,35.53,30.09,48.96,0.49,5.62,2.28
490,24,226,34.87,25.21,42.02,32.75,21.93,38.96,2.12,3.28,3.06
491,24,299,34.49,23.1,33.54,30.98,20.9,31.54,3.51,2.2,2.0
492,24,234,32.81,24.22,31.25,31.19,21.73,30.39,1.62,2.49,0.86
493,24,228,39.17,32.5,49.17,37.89,28.74,48.11,1.28,3.76,1.06
494,25,204,31.86,15.04,27.43,29.66,14.71,26.51,2.2,0.33,0.92
495,25,189,25.57,22.37,28.31,27.5,21.72,27.95,-1.93,0.65,0.36
496,25,317,37.43,18.86,38.0,34.67,18.7,36.8,2.76,0.15,1.2
497,27,309,39.12,24.79,50.14,38.38,22.31,49.01,0.73,2.48,1.13
498,27,295,34.63,33.13,40.9,29.94,18.23,28.48,4.68,14.91,12.41
499,27,241,30.04,24.73,31.8,28.89,19.99,28.18,1.15,4.74,3.62
500,27,254,40.28,26.86,44.17,35.8,23.29,39.94,4.48,3.56,4.23
501,27,327,28.85,25.55,28.85,28.79,23.44,28.86,0.05,2.11,-0.01
502,27,267,32.32,27.27,36.03,32.0,23.84,35.37,0.32,3.43,0.66
503,27,263,27.11,24.3,36.62,29.02,21.5,35.17,-1.91,2.79,1.45
504,27,195,24.88,24.4,29.19,27.4,23.62,29.42,-2.52,0.78,-0.24
505,27,220,23.87,27.98,31.28,26.21,23.41,30.19,-2.35,4.57,1.08
506,27,223,28.99,24.37,31.93,30.92,23.05,31.82,-1.92,1.32,0.11
507,27,211,33.48,21.03,34.33,32.3,22.52,34.48,1.17,-1.49,-0.15
508,27,215,31.91,26.81,33.62,32.57,26.64,34.57,-0.65,0.17,-0.95
509,27,178,32.52,31.55,42.72,32.79,28.81,42.28,-0.27,2.75,0.44
510,27,229,33.86,24.02,36.61,32.32,22.33,35.8,1.54,1.69,0.82
511,27,287,32.08,16.98,32.08,30.56,19.31,31.31,1.52,-2.33,0.76
512,27,309,34.31,22.58,36.07,33.94,21.74,36.7,0.37,0.84,-0.63
513,27,311,29.4,17.34,33.17,28.23,16.8,32.74,1.17,0.54,0.43
514,27,253,30.57,16.88,31.53,29.86,17.63,31.57,0.72,-0.75,-0.04
515,27,283,27.25,20.22,35.11,27.71,19.34,34.77,-0.46,0.89,0.34
516,27,301,37.54,23.75,40.47,34.86,20.76,39.08,2.68,2.99,1.39
518,27,72,22.81,12.28,16.67,22.51,11.86,16.42,0.3,0.42,0.24
519,27,104,22.58,19.35,25.0,23.47,16.94,23.8,-0.89,2.42,1.2
520,27,206,32.43,17.12,29.73,31.78,19.06,29.93,0.65,-1.94,-0.2
521,27,197,27.23,22.77,28.12,27.06,21.25,27.99,0.18,1.51,0.14
522,27,239,31.13,21.79,38.52,30.64,21.73,37.65,0.49,0.06,0.88
523,27,255,34.77,23.18,32.45,32.4,21.36,32.19,2.37,1.82,0.26
524,27,269,40.0,16.27,32.88,36.76,17.83,32.69,3.24,-1.56,0.19
525,27,284,36.15,15.54,32.09,33.77,18.32,31.91,2.38,-2.78,0.18
526,27,317,33.33,21.24,30.68,31.59,19.65,30.41,1.74,1.59,0.27
527,27,220,18.64,17.8,26.27,23.67,18.05,27.63,-5.03,-0.25,-1.36
528,27,141,29.38,21.25,27.5,28.5,19.48,27.4,0.88,1.77,0.1
529,27,125,27.74,25.55,30.66,28.77,22.66,29.84,-1.03,2.89,0.82
530,27,209,28.81,16.05,30.86,28.29,17.14,30.16,0.52,-1.09,0.71
531,27,220,29.01,15.27,24.43,28.34,16.07,25.06,0.67,-0.8,-0.63
542,28,139,15.43,14.86,17.71,19.9,15.63,19.64,-4.47,-0.77,-1.93
543,28,180,28.96,14.93,25.79,28.17,15.59,26.24,0.79,-0.66,-0.45
544,28,158,25.63,16.08,27.64,27.15,17.47,28.09,-1.52,-1.39,-0.46
545,28,163,19.25,10.7,19.25,22.82,11.08,22.23,-3.57,-0.39,-2.98
546,28,181,28.57,10.71,20.92,25.76,13.9,25.46,2.81,-3.18,-4.54
547,28,146,26.35,12.57,19.76,23.93,12.88,19.94,2.42,-0.31,-0.18
548,28,174,19.52,15.24,23.33,22.02,13.22,22.63,-2.5,2.01,0.7
549,28,143,19.88,7.23,22.29,22.88,11.39,18.29,-3.0,-4.16,4.0
550,28,216,26.78,14.64,25.52,27.76,15.23,27.21,-0.98,-0.59,-1.68
551,28,250,31.16,13.04,23.55,28.96,13.76,23.78,2.2,-0.72,-0.23
552,28,276,45.72,14.47,42.43,38.91,15.9,40.9,6.82,-1.43,1.53
553,28,226,31.97,18.03,37.3,31.81,17.11,34.6,0.16,0.92,2.7
554,28,219,25.3,13.25,25.3,28.21,15.52,26.81,-2.91,-2.27,-1.51
555,29,315,28.25,19.11,33.24,27.44,18.27,33.01,0.82,0.84,0.23
556,29,296,44.83,15.36,40.13,39.6,15.84,39.36,5.23,-0.48,0.77
557,29,327,38.36,12.53,32.99,31.97,12.14,32.1,6.39,0.4,0.89
558,29,335,31.62,18.51,33.93,31.48,17.88,34.24,0.14,0.63,-0.31
559,29,380,34.0,18.67,36.0,34.4,17.76,35.81,-0.4,0.91,0.19
560,29,303,41.41,19.15,39.72,35.75,18.0,37.87,5.66,1.15,1.85
561,29,305,41.79,15.52,37.31,36.28,15.93,34.6,5.51,-0.41,2.71
562,29,232,40.15,15.06,37.84,33.15,15.94,35.1,7.01,-0.89,2.74
563,29,180,26.27,19.82,29.95,27.68,17.08,28.51,-1.42,2.74,1.45
564,29,270,22.95,12.75,26.63,25.2,13.73,27.08,-2.26,-0.98,-0.46
565,29,242,32.25,20.29,32.97,31.47,16.07,30.64,0.78,4.22,2.33
566,29,223,31.37,14.9,29.02,29.38,14.59,28.39,1.99,0.31,0.63
567,29,220,30.47,14.34,26.52,19.43,10.65,17.54,11.04,3.69,8.98
568,29,231,26.98,19.05,32.14,27.01,17.34,30.46,-0.03,1.71,1.68
569,29,234,19.7,15.91,19.32,22.28,16.14,19.7,-2.58,-0.23,-0.38
570,29,183,22.58,19.35,22.58,23.78,17.0,23.66,-1.2,2.36,-1.08
571,29,214,36.71,9.7,24.47,32.81,12.4,25.38,3.9,-2.7,-0.9
572,29,120,20.99,12.15,19.34,19.96,11.91,18.59,1.04,0.24,0.75
573,29,136,22.01,10.69,15.09,22.11,11.52,15.96,-0.1,-0.83,-0.86
574,29,171,22.84,12.69,20.81,23.45,12.91,20.6,-0.6,-0.22,0.21
575,29,191,19.66,22.65,20.51,21.8,19.41,21.78,-2.14,3.24,-1.27
576,29,217,26.83,17.48,21.95,26.68,15.8,21.16,0.15,1.68,0.79
577,29,209,23.14,13.54,25.76,24.38,14.55,24.98,-1.23,-1.01,0.79
578,29,173,27.5,14.0,24.5,27.55,17.59,29.48,-0.05,-3.59,-4.98
579,29,333,29.18,20.7,31.92,28.9,17.4,30.14,0.27,3.3,1.78
580,29,417,50.54,16.49,40.9,37.92,17.89,36.02,12.62,-1.4,4.88
581,29,240,27.65,14.39,15.15,27.61,15.23,16.15,0.04,-0.84,-1.0
582,29,180,27.27,13.88,22.49,27.0,15.02,23.14,0.27,-1.15,-0.65
583,29,197,33.93,13.84,22.77,27.71,13.96,22.65,6.22,-0.12,0.12
584,29,140,14.11,16.56,17.79,18.48,14.55,17.41,-4.37,2.02,0.38
585,30,181,22.28,15.35,22.77,21.56,13.8,21.71,0.72,1.55,1.06
586,30,159,26.95,19.16,19.76,24.73,16.8,19.67,2.22,2.36,0.09
587,31,251,28.26,16.3,25.36,25.19,12.85,20.06,3.08,3.46,5.3
588,32,281,23.97,11.99,20.89,23.69,14.06,20.12,0.28,-2.07,0.78
589,32,249,17.52,11.68,16.42,20.22,12.42,19.21,-2.7,-0.74,-2.78
590,32,185,29.74,16.41,21.54,28.28,15.93,22.35,1.47,0.48,-0.81
591,32,208,21.3,13.43,18.06,22.9,12.87,18.33,-1.61,0.56,-0.27
592,32,273,26.43,15.29,19.11,24.9,14.22,19.02,1.54,1.07,0.09
593,32,196,27.01,18.96,25.12,24.06,14.83,23.5,2.95,4.13,1.62
594,32,139,20.81,8.72,16.11,21.25,10.66,16.77,-0.45,-1.93,-0.67
595,32,158,20.35,16.28,18.02,19.71,14.38,17.77,0.64,1.9,0.25
596,32,174,23.37,13.04,22.28,23.17,12.68,20.56,0.2,0.37,1.73
597,32,128,21.28,7.8,16.31,19.32,10.32,16.33,1.96,-2.52,-0.01
598,32,138,19.18,13.7,19.18,20.92,13.49,18.71,-1.74,0.2,0.46
599,32,104,20.87,10.43,10.43,21.32,11.44,12.31,-0.45,-1.0,-1.87
600,32,144,13.21,18.87,16.35,16.55,16.84,16.6,-3.34,2.03,-0.25
601,32,143,16.27,15.06,13.25,16.87,13.2,13.47,-0.6,1.86,-0.22
602,33,191,16.97,14.68,18.35,17.22,13.27,17.1,-0.25,1.41,1.24
603,33,104,17.46,14.29,17.46,17.6,11.38,18.19,-0.14,2.91,-0.73
604,33,152,19.08,13.29,18.5,19.66,11.97,17.89,-0.58,1.33,0.61
605,33,225,25.87,11.58,17.76,25.16,11.67,18.02,0.71,-0.09,-0.26
606,33,183,28.21,14.36,23.08,25.3,13.26,22.06,2.91,1.1,1.01
607,33,193,22.64,10.85,18.4,24.54,13.13,20.07,-1.9,-2.29,-1.68
608,33,146,22.64,9.43,20.13,24.81,14.1,23.24,-2.17,-4.66,-3.12
609,33,154,22.81,9.36,13.45,22.6,10.44,14.77,0.21,-1.09,-1.32
610,33,155,18.75,10.8,13.07,20.26,12.22,14.13,-1.51,-1.43,-1.06
611,33,149,24.22,16.15,19.88,21.62,14.27,22.36,2.6,1.88,-2.48
612,33,270,25.95,17.99,27.34,25.42,15.82,26.33,0.53,2.18,1.0
613,33,129,29.66,15.17,31.03,24.92,13.06,23.3,4.73,2.11,7.73
614,33,176,25.37,16.92,24.88,24.88,15.98,24.48,0.49,0.93,0.4
615,33,150,25.88,13.53,19.41,24.16,15.21,23.09,1.73,-1.68,-3.68
616,33,196,24.29,13.33,19.05,23.07,13.6,22.14,1.22,-0.27,-3.09
617,33,211,20.18,12.72,17.54,21.47,13.47,18.81,-1.3,-0.75,-1.26
618,33,207,29.36,12.84,22.48,26.86,13.28,21.84,2.49,-0.44,0.64
619,33,157,17.34,16.76,20.23,20.94,15.53,20.94,-3.59,1.23,-0.71
620,33,141,17.24,6.9,18.39,18.98,8.46,17.3,-1.74,-1.56,1.09
621,33,232,27.95,9.45,22.05,28.1,12.73,23.6,-0.14,-3.28,-1.55
622,33,217,25.22,20.87,26.09,26.32,19.24,26.09,-1.11,1.63,-0.0
623,33,202,30.19,8.96,21.23,26.27,10.92,20.28,3.92,-1.95,0.95
624,33,301,18.79,14.01,18.15,21.38,12.87,18.39,-2.59,1.14,-0.24
625,33,179,25.77,12.89,22.16,25.41,12.92,22.58,0.36,-0.03,-0.41
626,33,257,25.36,15.22,21.01,25.46,14.01,20.25,-0.1,1.2,0.76
627,33,169,18.78,15.47,18.78,20.44,13.99,18.49,-1.65,1.48,0.29
628,33,173,26.7,9.95,19.9,24.78,11.24,19.04,1.92,-1.29,0.86
629,33,167,14.36,9.57,12.77,15.96,10.41,13.55,-1.6,-0.83,-0.78
630,33,208,25.94,13.39,22.18,24.35,13.48,21.97,1.59,-0.09,0.21
631,33,230,26.15,8.85,16.54,25.53,10.62,17.4,0.62,-1.78,-0.86
632,33,134,19.75,6.37,16.56,20.42,8.81,16.43,-0.68,-2.44,0.13
633,33,132,20.14,11.11,18.75,20.9,11.61,18.53,-0.76,-0.5,0.22
634,34,215,22.98,9.79,16.6,23.21,11.54,16.36,-0.23,-1.75,0.24
635,34,161,15.91,10.23,11.36,17.53,11.05,11.92,-1.62,-0.82,-0.56
636,34,155,46.84,6.96,31.01,38.06,10.3,30.45,8.77,-3.34,0.56
637,34,181,24.37,14.72,18.27,22.88,13.42,17.71,1.49,1.3,0.57
638,35,132,18.01,13.04,22.36,19.43,12.42,21.73,-1.42,0.62,0.63
639,35,110,28.7,24.35,44.35,28.31,21.12,41.71,0.38,3.23,2.64
640,35,171,20.54,11.89,16.76,20.66,12.65,16.83,-0.12,-0.76,-0.07
801,12,210,21.07,7.02,8.26,22.81,8.16,9.11,-1.74,-1.14,-0.85
802,12,197,24.77,8.88,13.55,24.33,10.55,13.56,0.44,-1.67,-0.01
803,12,195,29.25,15.09,14.15,28.15,14.01,13.9,1.1,1.08,0.25
804,12,284,22.5,11.25,11.88,23.79,11.61,12.3,-1.29,-0.36,-0.42
805,12,271,13.33,18.33,12.0,32.77,11.8,19.92,-19.44,6.53,-7.92
806,12,374,27.75,11.5,17.25,36.55,17.47,31.28,-8.8,-5.97,-14.03
807,12,209,19.82,10.57,8.81,23.38,12.04,9.26,-3.56,-1.47,-0.45
808,12,275,34.87,12.83,15.13,32.03,12.19,14.65,2.84,0.64,0.48
809,12,296,24.37,12.97,14.24,26.05,12.89,14.4,-1.69,0.09,-0.16
810,18,272,39.0,23.67,37.67,39.1,17.74,32.41,-0.1,5.93,5.25
811,18,241,34.69,20.66,32.47,34.68,18.38,32.57,0.0,2.29,-0.1
812,18,377,45.32,19.46,35.96,42.23,17.85,35.38,3.09,1.61,0.58
813,18,332,36.26,12.09,26.65,34.27,14.96,26.75,2.0,-2.87,-0.1
814,18,229,34.23,13.85,30.77,32.28,15.91,30.21,1.95,-2.06,0.56
815,18,302,29.27,15.85,26.22,30.52,16.2,26.5,-1.25,-0.34,-0.28
816,18,269,34.03,12.5,21.53,33.96,15.5,22.37,0.07,-3.0,-0.84
817,18,365,36.16,17.71,31.67,36.71,18.57,30.77,-0.55,-0.86,0.9
818,18,238,23.9,19.92,24.7,26.35,18.02,26.26,-2.45,1.9,-1.56
819,18,273,35.37,11.9,21.09,35.6,15.69,23.25,-0.23,-3.78,-2.16
820,18,402,34.77,16.14,26.36,35.19,17.57,28.05,-0.42,-1.44,-1.68
821,18,311,36.71,20.52,29.48,36.65,18.1,28.9,0.06,2.42,0.58
822,22,199,31.16,12.09,31.63,29.9,14.92,30.96,1.26,-2.82,0.67
823,22,287,33.14,16.57,29.94,31.68,17.0,29.21,1.46,-0.43,0.74
824,22,323,29.35,18.7,33.51,31.73,17.37,33.73,-2.38,1.33,-0.23
825,22,268,36.44,15.45,36.73,37.23,16.43,36.42,-0.78,-0.98,0.31
826,22,341,36.21,15.88,26.74,33.53,17.36,27.06,2.68,-1.48,-0.32
827,22,246,22.11,20.35,25.26,25.06,17.8,26.1,-2.96,2.55,-0.84
828,22,286,39.29,16.37,41.37,41.4,18.74,40.55,-2.12,-2.37,0.82
829,22,247,35.93,14.81,27.04,33.43,15.19,26.37,2.5,-0.38,0.67
830,22,285,25.08,18.65,20.49,28.51,18.14,22.84,-3.43,0.51,-2.35
831,22,296,34.12,19.88,39.47,37.15,18.25,35.14,-3.02,1.63,4.33
832,22,224,25.09,14.34,25.81,26.66,15.08,26.16,-1.57,-0.74,-0.36
833,22,297,30.65,18.58,30.03,29.13,17.56,29.62,1.52,1.02,0.41
834,22,337,35.42,18.75,33.85,36.28,19.44,34.38,-0.87,-0.69,-0.53
835,22,329,27.68,18.64,32.2,34.72,19.54,33.95,-7.04,-0.9,-1.75
836,22,295,24.64,15.19,26.07,28.81,16.32,26.49,-4.17,-1.13,-0.41
837,7,179,28.91,10.9,21.8,21.21,9.51,16.72,7.7,1.39,5.08
838,7,232,30.22,13.81,25.37,27.4,12.06,23.12,2.82,1.74,2.26
839,7,216,22.51,4.8,16.97,22.3,6.58,16.38,0.21,-1.78,0.59
840,7,265,22.08,6.49,15.26,21.57,8.6,15.29,0.51,-2.1,-0.03
841,7,228,28.43,6.69,18.06,24.96,8.72,18.11,3.46,-2.03,-0.05
842,7,251,24.55,10.47,21.3,22.93,10.22,20.6,1.62,0.25,0.7
843,7,220,26.77,14.87,24.16,24.61,12.38,21.51,2.16,2.49,2.65
844,7,207,28.57,7.35,15.1,27.02,8.62,16.63,1.55,-1.28,-1.53
845,7,207,18.61,11.69,18.18,19.51,11.47,17.07,-0.9,0.21,1.11
846,7,211,24.18,9.43,15.16,22.12,9.17,15.24,2.06,0.26,-0.07
847,7,259,28.98,7.01,15.92,27.57,8.26,16.46,1.42,-1.26,-0.54
848,24,231,32.54,16.67,32.54,30.5,15.46,31.75,2.04,1.2,0.79
849,24,300,43.83,26.85,45.06,39.38,23.31,43.04,4.45,3.54,2.02
850,24,244,29.41,25.74,37.13,28.92,22.01,36.34,0.5,3.73,0.8
851,24,267,27.96,22.37,29.93,28.78,20.75,29.51,-0.82,1.62,0.43
852,24,283,42.9,23.46,44.14,40.99,23.62,44.1,1.91,-0.16,0.03
853,24,291,25.89,20.83,31.85,28.63,19.28,31.75,-2.74,1.56,0.1
854,24,260,38.51,16.55,28.04,35.63,16.88,29.03,2.89,-0.32,-0.99
855,24,212,26.13,22.52,28.38,28.01,20.15,27.6,-1.88,2.37,0.78
856,24,211,33.19,14.29,23.11,31.17,13.82,23.07,2.02,0.46,0.04
857,24,257,32.23,24.92,33.22,30.74,20.95,31.61,1.49,3.97,1.61
858,24,316,40.88,22.94,46.76,38.1,23.78,46.92,2.78,-0.84,-0.16
859,24,304,30.7,22.49,31.31,30.3,20.19,25.54,0.4,2.3,5.77
860,24,349,41.94,31.46,48.59,38.45,27.23,46.61,3.49,4.23,1.99
861,24,244,35.42,15.5,34.69,31.83,17.1,34.05,3.59,-1.6,0.63
862,24,324,32.4,28.21,37.71,32.85,23.77,36.36,-0.44,4.44,1.35
863,24,255,35.44,23.86,38.25,33.36,21.0,36.22,2.08,2.86,2.03
864,24,224,38.33,18.75,37.92,33.72,17.13,37.01,4.61,1.62,0.91
865,6,290,24.93,5.34,18.69,25.1,10.12,19.96,-0.18,-4.78,-1.27
866,6,242,20.21,9.06,14.29,22.11,10.86,15.66,-1.9,-1.8,-1.37
867,23,61,18.25,8.76,16.79,20.16,11.7,17.33,-1.91,-2.94,-0.54
868,23,362,25.44,19.95,25.44,30.57,19.33,28.33,-5.13,0.62,-2.89
869,27,195,32.06,21.53,36.84,31.82,24.09,38.6,0.23,-2.56,-1.76
870,27,169,33.17,14.63,24.88,30.53,15.46,24.56,2.64,-0.82,0.32
871,17,327,36.1,18.62,24.93,34.3,18.18,24.41,1.8,0.44,0.51
872,17,911,46.13,7.94,22.41,42.74,9.75,24.25,3.39,-1.82,-1.84
873,17,260,32.39,9.86,15.14,33.04,16.56,26.16,-0.65,-6.71,-11.02
874,17,301,30.75,18.01,26.71,32.17,17.47,26.45,-1.42,0.54,0.26
875,17,902,47.94,9.77,25.82,44.12,13.74,26.6,3.82,-3.97,-0.78
876,17,281,40.07,14.38,28.77,35.98,15.51,28.04,4.09,-1.13,0.73
877,17,736,44.5,8.62,26.25,42.77,10.59,25.55,1.73,-1.97,0.7
878,17,1052,54.27,7.31,28.99,48.92,10.42,28.8,5.36,-3.1,0.19
879,3,258,31.27,8.25,17.87,29.74,11.63,18.35,1.53,-3.38,-0.48
880,3,283,26.2,12.14,20.77,25.26,11.58,21.0,0.94,0.56,-0.23
881,3,216,19.05,7.33,11.72,20.46,7.82,12.06,-1.42,-0.5,-0.33
882,3,217,19.51,8.94,10.16,19.47,9.84,13.9,0.05,-0.9,-3.73
883,36,268,38.46,23.72,43.91,34.71,20.3,38.76,3.75,3.42,5.15
884,36,200,26.48,19.18,24.2,27.96,18.14,25.63,-1.47,1.03,-1.43
885,36,124,20.2,10.1,12.63,21.18,10.23,13.04,-0.97,-0.12,-0.41
886,36,204,25.73,13.69,30.29,26.87,14.95,29.13,-1.14,-1.26,1.16
887,36,172,28.64,18.93,27.67,26.69,17.52,27.03,1.95,1.42,0.64
888,36,176,28.93,27.92,34.01,30.99,23.12,33.22,-2.05,4.8,0.79
889,36,284,43.77,15.2,37.69,39.67,17.32,37.08,4.1,-2.13,0.61
890,36,230,27.66,24.11,37.59,27.83,19.36,35.17,-0.17,4.75,2.42
891,36,165,25.89,11.17,23.35,25.92,13.79,23.86,-0.03,-2.62,-0.51
892,36,173,19.47,23.68,24.74,23.32,20.5,25.24,-3.84,3.18,-0.51
893,36,182,31.8,29.03,35.94,35.63,18.33,35.75,-3.83,10.7,0.19
894,36,166,27.04,16.33,23.98,27.73,16.98,25.18,-0.69,-0.65,-1.2
895,36,304,38.21,16.42,30.75,35.89,17.31,31.46,2.32,-0.89,-0.71
896,36,177,23.5,17.5,25.0,24.35,16.18,24.54,-0.85,1.32,0.46
897,36,180,29.82,17.43,36.7,28.79,17.45,36.18,1.03,-0.02,0.52
898,36,184,22.36,8.44,16.03,22.61,9.19,15.82,-0.24,-0.75,0.22
899,36,226,31.62,25.69,29.64,31.34,16.05,31.24,0.29,9.64,-1.59
900,36,166,28.57,23.81,26.46,27.81,21.51,26.82,0.76,2.3,-0.37
901,36,211,26.8,14.8,29.6,28.49,16.12,29.92,-1.69,-1.32,-0.32
902,36,227,26.14,22.73,33.71,27.1,19.93,32.48,-0.96,2.8,1.23
903,36,148,24.39,22.56,28.05,25.72,20.42,27.43,-1.33,2.14,0.62
904,36,211,19.51,16.26,23.58,22.62,16.54,24.35,-3.11,-0.28,-0.77
905,36,195,29.88,11.2,24.07,28.18,11.77,22.96,1.7,-0.57,1.11
906,36,226,25.62,19.22,27.76,27.84,18.13,28.25,-2.22,1.09,-0.49
907,36,180,22.84,15.09,23.71,24.76,15.89,24.63,-1.91,-0.81,-0.92
908,36,144,24.55,22.75,26.35,26.49,20.37,26.57,-1.94,2.38,-0.22
909,36,224,23.61,14.1,28.2,26.03,15.98,28.34,-2.42,-1.89,-0.14
910,36,227,35.0,12.69,30.38,32.82,15.29,30.12,2.18,-2.6,0.27
911,36,172,32.98,16.75,36.65,30.82,16.66,35.29,2.17,0.09,1.36
912,36,196,26.58,23.87,33.33,26.41,20.81,30.65,0.16,3.06,2.68
913,36,255,35.13,8.96,25.45,28.1,15.47,27.21,7.02,-6.51,-1.76
914,16,223,21.9,22.31,28.1,30.09,15.92,26.72,-8.19,6.39,1.37
915,16,191,40.29,14.56,22.33,37.37,17.68,24.78,2.92,-3.12,-2.45
916,16,307,24.34,23.46,30.21,29.46,20.3,32.12,-5.12,3.16,-1.92
917,16,216,32.2,13.56,20.34,29.82,13.57,20.73,2.39,-0.01,-0.39
918,16,223,22.44,14.17,20.47,27.81,16.6,21.71,-5.37,-2.43,-1.24
919,16,270,29.41,18.34,30.1,36.22,20.21,32.53,-6.81,-1.87,-2.43
920,16,180,28.57,11.11,21.16,29.17,14.82,24.3,-0.6,-3.71,-3.14
921,9,409,29.6,16.2,27.4,31.02,15.22,26.34,-1.42,0.98,1.06
922,9,498,46.86,15.08,39.32,43.24,16.74,39.1,3.62,-1.66,0.22
923,9,191,21.81,13.17,18.52,21.03,11.58,18.74,0.78,1.59,-0.22
924,9,483,28.07,15.23,25.32,27.22,14.7,25.44,0.85,0.53,-0.12
925,9,411,31.22,15.72,24.89,31.64,16.26,26.08,-0.42,-0.54,-1.19
926,9,360,25.78,15.51,23.87,26.53,13.1,23.19,-0.76,2.41,0.68
927,9,375,41.55,11.27,26.06,36.85,14.79,27.62,4.7,-3.52,-1.56
928,9,547,46.14,12.32,26.77,36.6,15.39,30.12,9.54,-3.07,-3.36
929,9,454,25.97,18.41,23.26,28.83,14.55,23.94,-2.86,3.86,-0.69
930,9,351,27.49,9.24,24.41,28.06,10.75,24.23,-0.57,-1.5,0.18
931,19,251,36.1,23.47,38.63,34.55,20.1,36.75,1.55,3.36,1.88
932,19,250,31.72,18.28,29.1,31.65,17.93,29.5,0.07,0.35,-0.4
