district,state,sample_size,actual_stunting,actual_wasting,actual_underweight,predicted_stunting,predicted_wasting,predicted_underweight,error_stunting,error_wasting,error_underweight
1,1,300,25.0,25.27,26.3,26.28,19.24,21.22,1.28,-6.03,-5.08
2,1,267,26.22,19.28,21.17,25.76,18.02,20.42,-0.46,-1.26,-0.75
3,37,229,24.02,16.52,18.37,27.91,17.45,19.17,3.89,0.93,0.8
4,37,253,36.36,18.11,21.92,32.9,17.71,21.11,-3.46,-0.4,-0.81
5,1,361,26.04,15.83,19.13,26.45,19.03,20.99,0.41,3.2,1.86
6,1,306,30.07,21.59,31.43,26.82,18.46,21.29,-3.25,-3.13,-10.14
7,1,141,21.99,21.6,25.32,22.78,18.11,19.29,0.79,-3.49,-6.03
8,1,311,22.83,18.54,17.61,26.63,19.5,21.67,3.8,0.96,4.06
9,1,252,25.79,13.99,16.92,26.7,18.74,21.25,0.91,4.75,4.33
10,1,216,32.41,18.75,15.65,25.07,18.9,20.02,-7.34,0.15,4.37
11,1,314,19.11,24.92,20.8,26.35,19.05,21.4,7.24,-5.87,0.6
12,1,230,22.17,15.27,20.08,24.0,17.85,18.97,1.83,2.58,-1.11
13,1,230,22.17,32.55,33.05,24.23,18.03,19.71,2.06,-14.52,-13.34
14,1,231,27.27,25.48,28.15,25.89,18.59,20.74,-1.38,-6.89,-7.41
15,1,250,28.4,11.24,15.19,25.88,18.92,20.31,-2.52,7.68,5.12
16,1,277,32.49,9.63,15.19,27.13,18.85,21.8,-5.36,9.22,6.61
17,1,358,24.02,14.83,20.0,27.61,19.54,22.37,3.59,4.71,2.37
18,1,227,26.87,23.08,17.17,27.39,18.51,21.51,0.52,-4.57,4.34
19,1,248,36.69,21.2,32.95,25.94,18.71,20.63,-10.75,-2.49,-12.32
20,1,338,17.46,12.61,11.75,27.02,18.34,21.18,9.56,5.73,9.43
21,1,216,28.24,17.37,17.78,24.07,17.85,20.0,-4.17,0.48,2.22
22,1,262,26.72,18.36,15.33,23.54,17.88,19.37,-3.18,-0.48,4.04
23,2,242,42.56,15.77,26.38,33.66,16.58,26.11,-8.9,0.81,-0.27
24,2,187,26.74,20.11,30.85,32.59,16.24,25.51,5.85,-3.87,-5.34
25,2,187,28.34,15.76,18.23,34.36,16.0,25.13,6.02,0.24,6.9
26,2,196,37.76,15.31,26.5,32.93,16.23,24.3,-4.83,0.92,-2.2
27,2,219,33.33,19.81,22.52,30.87,15.43,22.43,-2.46,-4.38,-0.09
28,2,148,27.03,14.29,22.88,28.83,15.25,22.1,1.8,0.96,-0.78
29,2,215,23.72,13.24,24.77,28.74,14.23,21.89,5.02,0.99,-2.88
30,2,176,41.48,12.0,38.76,33.2,15.98,25.13,-8.28,3.98,-13.63
31,2,202,33.17,18.37,25.48,31.32,15.72,23.95,-1.85,-2.65,-1.53
32,2,307,29.64,18.06,23.72,32.84,16.29,25.58,3.2,-1.77,1.86
33,2,162,28.4,14.37,11.73,31.42,15.03,22.93,3.02,0.66,11.2
34,2,158,32.28,10.83,18.99,33.01,16.0,24.19,0.73,5.17,5.2
36,3,223,24.66,12.84,18.94,23.9,10.66,16.24,-0.76,-2.18,-2.7
37,3,181,24.86,10.5,16.85,24.08,9.84,16.4,-0.78,-0.66,-0.45
38,3,201,19.9,11.94,13.04,21.74,9.65,15.01,1.84,-2.29,1.97
39,3,230,17.83,11.79,11.44,21.19,10.11,14.59,3.36,-1.68,3.15
40,3,203,31.53,7.39,18.45,23.4,10.11,15.82,-8.13,2.72,-2.63
41,3,192,22.4,5.79,12.5,23.22,10.41,15.77,0.82,4.62,3.27
42,3,225,22.67,12.0,16.96,27.88,11.53,18.86,5.21,-0.47,1.9
44,3,238,34.87,13.81,30.86,30.86,11.78,22.27,-4.01,-2.03,-8.59
45,3,255,27.45,10.2,20.08,27.55,10.63,18.81,0.1,0.43,-1.27
46,3,201,21.89,14.43,22.0,28.63,12.14,20.69,6.74,-2.29,-1.31
47,3,265,35.47,12.31,22.59,30.77,11.85,21.83,-4.7,-0.46,-0.76
48,3,204,20.1,9.36,17.96,24.53,10.66,17.1,4.43,1.3,-0.86
49,3,221,19.91,11.31,11.11,24.03,10.71,16.93,4.12,-0.6,5.82
50,3,266,24.81,10.94,14.87,27.35,11.36,19.21,2.54,0.42,4.34
51,3,193,15.54,9.23,14.72,21.01,9.17,13.55,5.47,-0.06,-1.17
52,3,197,25.38,9.79,22.34,23.72,9.89,16.22,-1.66,0.1,-6.12
53,3,209,22.97,10.29,17.51,25.27,10.44,17.26,2.3,0.15,-0.25
54,3,209,33.01,8.29,15.94,25.25,11.03,17.58,-7.76,2.74,1.64
55,4,156,24.36,9.68,21.15,24.21,10.39,20.59,-0.15,0.71,-0.56
56,5,273,36.26,10.14,24.11,29.35,12.27,19.89,-6.91,2.13,-4.22
57,5,242,33.88,16.17,22.45,26.75,11.06,17.21,-7.13,-5.11,-5.24
58,5,297,25.93,8.11,12.04,26.95,11.43,17.23,1.02,3.32,5.19
59,5,266,29.32,12.93,20.66,27.63,12.33,19.12,-1.69,-0.6,-1.54
60,5,183,22.4,9.44,19.35,22.67,11.79,16.3,0.27,2.35,-3.05
61,5,174,29.89,11.56,17.71,28.12,12.61,19.74,-1.77,1.05,2.03
62,5,240,25.83,12.45,20.42,26.65,11.56,17.52,0.82,-0.89,-2.9
63,5,245,23.27,7.76,11.79,27.78,11.31,18.29,4.51,3.55,6.5
64,5,203,25.62,16.16,22.17,29.3,12.63,20.74,3.68,-3.53,-1.43
65,5,304,23.36,11.41,14.01,27.8,12.19,18.72,4.44,0.78,4.71
66,5,316,24.37,13.78,15.36,25.37,12.19,17.97,1.0,-1.59,2.61
67,5,319,26.33,12.65,22.02,28.07,12.83,20.08,1.74,0.18,-1.94
68,5,276,31.88,15.87,26.07,30.37,13.24,23.22,-1.51,-2.63,-2.85
69,6,148,21.62,12.5,19.74,23.18,10.72,17.65,1.56,-1.78,-2.09
70,6,275,22.91,10.51,12.81,25.57,11.07,19.75,2.66,0.56,6.94
71,6,298,26.85,12.97,22.88,26.78,11.43,21.13,-0.07,-1.54,-1.75
72,6,292,23.97,12.07,21.07,25.72,11.22,20.04,1.75,-0.85,-1.03
73,6,221,29.41,18.72,27.43,27.98,11.12,21.81,-1.43,-7.6,-5.62
74,6,347,28.82,9.82,21.07,25.42,10.37,19.46,-3.4,0.55,-1.61
75,6,290,25.17,10.0,18.84,27.25,11.01,20.7,2.08,1.01,1.86
76,6,283,24.03,7.8,13.43,24.35,10.54,18.45,0.32,2.74,5.02
77,6,267,24.34,8.65,21.93,27.46,11.58,21.17,3.12,2.93,-0.76
78,6,270,24.07,16.04,26.47,28.71,11.32,22.64,4.64,-4.72,-3.83
79,6,132,25.76,13.53,24.63,28.43,12.19,22.89,2.67,-1.34,-1.74
80,6,268,28.73,15.41,21.01,28.15,11.4,22.48,-0.58,-4.01,1.47
82,6,250,28.4,12.45,21.74,26.93,11.61,20.82,-1.47,-0.84,-0.92
83,6,231,16.88,7.83,11.64,23.97,10.29,17.43,7.09,2.46,5.79
84,6,233,24.89,8.62,15.61,25.36,11.2,19.32,0.47,2.58,3.71
85,6,233,27.47,9.52,21.52,22.66,10.44,16.63,-4.81,0.92,-4.89
86,6,175,22.29,16.28,22.86,25.95,11.45,20.33,3.66,-4.83,-2.53
87,6,571,43.61,14.7,37.31,39.14,13.02,31.89,-4.47,-1.68,-5.42
88,6,278,29.86,7.91,18.51,25.38,11.33,19.76,-4.48,3.42,1.25
89,6,430,31.4,9.37,21.14,31.46,11.6,24.62,0.06,2.23,3.48
99,8,343,25.07,24.0,25.93,28.4,16.08,24.52,3.33,-7.92,-1.41
100,8,380,24.21,19.41,20.1,29.38,16.42,25.4,5.17,-2.99,5.3
101,8,515,22.72,25.35,28.38,32.24,17.52,28.58,9.52,-7.83,0.2
102,8,438,26.26,16.78,22.86,30.45,16.84,26.51,4.19,0.06,3.65
103,8,324,20.68,14.01,19.88,27.92,16.27,24.09,7.24,2.26,4.21
104,8,378,34.66,16.14,24.68,31.83,17.51,28.29,-2.83,1.37,3.61
105,8,437,40.73,12.13,29.15,33.68,17.95,29.81,-7.05,5.82,0.66
106,8,504,46.03,13.69,31.59,34.88,18.71,31.34,-11.15,5.02,-0.25
107,8,416,37.5,26.85,37.83,35.15,18.35,31.57,-2.35,-8.5,-6.26
108,8,334,26.95,21.5,24.19,34.53,19.14,31.1,7.58,-2.36,6.91
109,8,395,37.72,20.73,33.42,33.2,17.51,29.19,-4.52,-3.22,-4.23
110,8,346,25.14,15.38,20.58,28.92,17.53,25.58,3.78,2.15,5.0
111,8,381,22.83,12.86,18.45,28.46,17.06,25.04,5.63,4.2,6.59
112,8,446,32.29,15.87,26.1,30.6,17.37,26.6,-1.69,1.5,0.5
113,8,536,33.02,13.45,25.55,31.21,17.47,27.33,-1.81,4.02,1.78
114,8,585,25.47,24.87,31.16,33.13,17.12,29.05,7.66,-7.75,-2.11
115,8,631,40.1,11.25,31.98,33.17,17.45,29.16,-6.93,6.2,-2.82
116,8,499,40.08,12.7,33.59,32.42,18.03,28.87,-7.66,5.33,-4.72
117,8,384,30.73,16.09,30.33,33.04,17.79,28.96,2.31,1.7,-1.37
118,8,354,36.72,18.29,36.64,29.44,17.18,26.11,-7.28,-1.11,-10.53
119,8,294,22.79,20.35,23.75,29.6,17.48,26.51,6.81,-2.87,2.76
120,8,311,32.8,18.82,28.06,32.79,18.76,30.29,-0.01,-0.06,2.23
121,8,417,30.22,19.4,29.74,34.4,18.93,31.72,4.18,-0.47,1.98
122,8,328,22.56,17.03,23.94,32.14,18.05,28.75,9.58,1.02,4.81
123,8,324,30.56,16.46,23.94,32.33,17.8,28.52,1.77,1.34,4.58
124,8,383,31.33,15.4,25.13,33.71,18.4,30.53,2.38,3.0,5.4
125,8,373,44.77,17.34,38.73,35.54,19.16,31.9,-9.23,1.82,-6.83
126,8,296,31.76,14.29,26.58,32.77,18.17,29.35,1.01,3.88,2.77
127,8,305,29.84,21.74,27.59,28.96,18.49,26.59,-0.88,-3.25,-1.0
128,8,415,45.3,21.71,40.0,33.54,18.39,30.11,-11.76,-3.32,-9.89
129,8,347,34.58,28.4,38.12,33.27,18.99,30.36,-1.31,-9.41,-7.76
130,8,366,34.15,8.26,25.96,32.0,18.57,29.14,-2.15,10.31,3.18
131,8,364,29.12,24.43,30.87,35.88,19.66,32.96,6.76,-4.77,2.09
132,9,455,29.89,22.12,27.81,37.01,17.02,30.07,7.12,-5.1,2.26
134,9,385,37.4,9.33,22.37,36.85,16.69,29.53,-0.55,7.36,7.16
136,9,335,39.4,17.37,31.95,39.64,17.33,31.2,0.24,-0.04,-0.75
137,9,520,42.5,22.02,35.29,39.95,16.88,31.9,-2.55,-5.14,-3.39
138,9,418,33.73,9.62,24.82,33.49,16.05,26.58,-0.24,6.43,1.76
139,9,389,25.71,10.51,26.21,35.28,16.4,28.21,9.57,5.89,2.0
141,9,237,25.74,12.13,22.54,34.63,15.44,26.56,8.89,3.31,4.02
142,9,410,36.59,14.07,26.57,36.26,16.09,28.53,-0.33,2.02,1.96
143,9,387,35.66,10.68,26.29,39.26,17.35,31.32,3.6,6.67,5.03
144,9,458,39.52,12.23,24.57,39.75,17.37,32.19,0.23,5.14,7.62
145,9,458,31.22,11.99,21.74,38.08,17.38,30.77,6.86,5.39,9.03
146,9,472,38.56,15.45,26.83,37.36,17.85,30.89,-1.2,2.4,4.06
147,9,442,46.61,9.79,25.73,39.26,17.15,31.4,-7.35,7.36,5.67
148,9,426,44.37,14.45,33.87,39.33,16.9,31.46,-5.04,2.45,-2.41
150,9,298,45.64,14.97,34.44,39.51,17.84,31.57,-6.13,2.87,-2.87
151,9,302,39.4,20.54,39.48,42.2,18.07,33.93,2.8,-2.47,-5.55
152,9,575,45.04,16.49,34.66,41.49,18.4,34.2,-3.55,1.91,-0.46
153,9,446,47.53,15.73,36.56,44.91,19.28,37.12,-2.62,3.55,0.56
154,9,450,47.78,18.28,37.34,45.4,19.42,38.05,-2.38,1.14,0.71
155,9,444,44.82,22.65,33.33,44.26,19.03,36.59,-0.56,-3.62,3.26
156,9,315,39.37,12.06,28.62,43.02,17.71,34.81,3.65,5.65,6.19
157,9,211,33.18,11.9,25.94,36.15,16.96,29.32,2.97,5.06,3.38
159,9,482,47.1,13.99,30.55,41.59,18.11,33.66,-5.51,4.12,3.11
160,9,451,42.79,21.8,33.47,42.89,18.31,35.12,0.1,-3.49,1.65
161,9,421,38.72,12.86,23.67,36.99,17.3,29.94,-1.73,4.44,6.27
162,9,402,40.05,19.54,32.85,40.87,17.76,33.3,0.82,-1.78,0.45
163,9,341,44.57,12.2,32.87,40.13,17.16,32.38,-4.44,4.96,-0.49
164,9,258,33.72,21.6,28.73,34.93,17.55,29.36,1.21,-4.05,0.63
165,9,358,46.09,18.98,36.29,42.04,18.62,34.74,-4.05,-0.36,-1.55
166,9,344,41.57,24.71,39.83,41.48,18.64,34.21,-0.09,-6.07,-5.62
167,9,470,45.96,19.44,35.31,43.88,18.39,35.45,-2.08,-1.05,0.14
168,9,404,48.27,20.84,36.36,39.94,18.91,33.48,-8.33,-1.93,-2.88
169,9,443,41.99,25.24,34.29,41.76,19.03,34.58,-0.23,-6.21,0.29
170,9,389,50.9,25.07,49.51,45.81,19.06,38.4,-5.09,-6.01,-11.11
171,9,370,47.57,24.79,41.9,44.28,18.69,36.24,-3.29,-6.1,-5.66
172,9,380,51.84,18.25,38.5,43.4,18.66,36.29,-8.44,0.41,-2.21
173,9,374,34.76,10.4,28.35,36.97,15.98,29.18,2.21,5.58,0.83
174,9,394,40.1,18.27,36.68,43.73,18.14,35.48,3.63,-0.13,-1.2
175,9,352,38.35,14.41,32.87,39.59,17.32,32.12,1.24,2.91,-0.75
176,9,398,41.46,17.81,31.55,45.1,19.25,37.84,3.64,1.44,6.29
177,9,374,31.28,12.37,27.89,35.01,16.74,28.21,3.73,4.37,0.32
178,9,313,30.99,17.68,29.21,36.86,16.67,30.05,5.87,-1.01,0.84
180,9,544,51.65,14.83,38.04,48.88,19.8,40.32,-2.77,4.97,2.28
181,9,627,50.88,20.49,40.59,46.67,19.27,38.27,-4.21,-1.22,-2.32
182,9,577,41.25,24.58,37.14,44.67,18.72,36.31,3.42,-5.86,-0.83
183,9,418,46.17,12.44,28.77,43.57,17.74,35.27,-2.6,5.3,6.5
184,9,573,37.0,24.52,36.35,44.66,17.95,35.61,7.66,-6.57,-0.74
185,9,457,36.11,24.15,39.19,39.53,17.41,31.71,3.42,-6.74,-7.48
186,9,452,42.04,19.36,34.77,42.26,17.33,33.31,0.22,-2.03,-1.46
187,9,404,40.1,21.41,37.14,39.95,17.24,31.59,-0.15,-4.17,-5.55
188,9,389,29.56,23.45,33.83,38.44,17.2,31.18,8.88,-6.25,-2.65
189,9,450,31.56,24.83,37.18,40.34,16.77,31.92,8.78,-8.06,-5.26
190,9,350,36.57,26.78,40.11,36.11,16.59,29.08,-0.46,-10.19,-11.03
191,9,360,33.89,13.93,28.25,36.75,16.77,29.88,2.86,2.84,1.63
192,9,345,25.51,20.44,30.31,36.84,16.54,29.08,11.33,-3.9,-1.23
193,9,358,44.13,22.25,43.33,39.43,17.15,31.84,-4.7,-5.1,-11.49
194,9,459,40.09,14.82,30.43,35.6,16.9,29.05,-4.49,2.08,-1.38
195,9,400,38.25,25.81,38.12,38.32,16.99,30.88,0.07,-8.82,-7.24
196,9,424,37.97,16.95,29.3,39.01,17.31,31.9,1.04,0.36,2.6
197,9,360,35.56,19.82,36.41,34.21,16.58,27.49,-1.35,-3.24,-8.92
198,9,491,42.77,9.11,26.61,38.61,16.61,30.76,-4.16,7.5,4.15
199,9,378,44.18,12.63,28.05,40.01,17.64,32.43,-4.17,5.01,4.38
200,9,437,38.9,26.28,46.12,42.05,18.59,34.54,3.15,-7.69,-11.58
201,9,453,48.79,14.71,30.74,41.39,17.56,33.25,-7.4,2.85,2.51
202,9,492,46.14,19.33,35.63,43.39,17.66,34.48,-2.75,-1.67,-1.15
203,10,431,44.55,12.79,30.91,43.58,23.79,41.73,-0.97,11.0,10.82
204,10,511,48.73,16.9,38.22,43.47,23.79,41.89,-5.26,6.89,3.67
205,10,366,34.7,34.53,41.95,45.43,24.36,43.77,10.73,-10.17,1.82
206,10,496,53.83,15.73,40.64,43.62,24.28,42.52,-10.21,8.55,1.88
207,10,417,43.65,17.35,36.67,43.01,23.32,41.18,-0.64,5.97,4.51
208,10,596,41.78,25.13,44.13,46.69,24.71,45.29,4.91,-0.42,1.16
209,10,636,50.16,23.97,48.1,47.46,24.74,46.03,-2.7,0.77,-2.07
210,10,472,38.56,24.2,41.21,45.53,25.27,44.98,6.97,1.07,3.77
211,10,516,44.38,25.34,47.14,46.16,25.21,45.79,1.78,-0.13,-1.35
212,10,450,43.33,23.39,47.6,46.46,23.92,44.7,3.13,0.53,-2.9
213,10,538,46.84,20.3,43.6,46.67,24.4,45.54,-0.17,4.1,1.94
214,10,504,47.62,20.48,42.69,46.54,24.69,44.85,-1.08,4.21,2.16
215,10,443,46.05,19.27,39.29,44.13,24.46,43.04,-1.92,5.19,3.75
216,10,452,43.14,20.81,36.46,43.23,23.9,41.81,0.09,3.09,5.35
217,10,432,35.42,21.67,30.23,38.99,23.2,37.97,3.57,1.53,7.74
218,10,347,37.46,17.24,31.28,37.53,22.38,35.84,0.07,5.14,4.56
219,10,456,38.16,29.38,44.66,40.41,22.92,38.92,2.25,-6.46,-5.74
220,10,426,38.03,19.77,38.43,41.57,23.88,40.62,3.54,4.11,2.19
221,10,483,43.89,20.67,42.28,44.41,24.48,43.62,0.52,3.81,1.34
222,10,493,38.54,22.71,35.89,43.45,23.55,41.61,4.91,0.84,5.72
223,10,627,36.2,24.88,38.21,44.04,24.48,42.94,7.84,-0.4,4.73
224,10,498,39.36,22.36,40.62,41.54,23.56,40.35,2.18,1.2,-0.27
225,10,462,46.32,26.81,45.7,43.62,24.32,42.71,-2.7,-2.49,-2.99
226,10,485,36.91,25.15,38.68,39.42,23.14,38.72,2.51,-2.01,0.04
227,10,568,43.13,25.99,44.83,42.79,24.67,42.28,-0.34,-1.32,-2.55
228,10,485,53.4,15.87,37.8,43.37,25.02,43.26,-10.03,9.15,5.46
229,10,473,42.49,26.5,45.59,41.89,23.99,40.89,-0.6,-2.51,-4.7
230,10,384,34.64,26.81,39.79,40.95,24.44,41.4,6.31,-2.37,1.61
231,10,490,40.82,32.26,44.36,42.04,23.74,40.98,1.22,-8.52,-3.38
232,10,469,39.23,33.99,46.19,38.26,22.78,36.68,-0.97,-11.21,-9.51
233,10,493,45.23,26.13,47.12,42.14,24.08,41.74,-3.09,-2.05,-5.38
234,10,459,41.18,28.82,44.42,37.43,22.64,36.47,-3.75,-6.18,-7.95
235,10,466,41.85,33.72,49.79,41.12,23.79,40.44,-0.73,-9.93,-9.35
236,10,458,47.82,23.7,43.04,42.22,24.24,41.55,-5.6,0.54,-1.49
237,10,504,50.4,16.94,37.18,41.16,24.12,40.67,-9.24,7.18,3.49
238,10,546,43.96,20.59,38.53,44.38,24.81,43.57,0.42,4.22,5.04
239,10,467,41.54,37.22,52.74,42.63,24.04,42.38,1.09,-13.18,-10.36
240,10,494,44.53,37.14,53.56,42.79,24.22,42.16,-1.74,-12.92,-11.4
241,11,155,25.81,5.23,10.56,24.28,9.91,12.49,-1.53,4.68,1.93
242,11,159,27.04,17.69,16.67,27.06,11.94,13.73,0.02,-5.75,-2.94
243,11,122,29.51,6.96,9.45,24.68,10.66,12.45,-4.83,3.7,3.0
244,11,94,15.96,14.12,12.12,24.29,10.39,12.07,8.33,-3.73,-0.05
245,12,256,30.86,6.48,8.49,25.55,12.1,12.2,-5.31,5.62,3.71
246,12,188,23.4,22.35,16.32,24.92,12.27,12.57,1.52,-10.08,-3.75
247,12,361,35.46,15.64,13.42,28.97,12.96,14.38,-6.49,-2.68,0.96
248,12,261,25.67,8.2,12.0,24.27,12.07,12.26,-1.4,3.87,0.26
249,12,348,38.51,10.65,17.96,27.53,13.18,14.02,-10.98,2.53,-3.94
252,12,200,31.0,12.11,12.75,27.2,12.54,13.71,-3.8,0.43,0.96
253,12,292,23.63,16.67,22.97,27.78,13.66,15.16,4.15,-3.01,-7.81
255,12,210,31.43,11.22,7.87,25.64,12.68,13.71,-5.79,1.46,5.84
257,12,189,17.46,17.78,16.58,25.53,12.61,13.11,8.07,-5.17,-3.47
258,12,258,12.79,7.79,9.58,25.53,13.02,13.53,12.74,5.23,3.95
260,12,207,24.15,13.57,15.71,27.53,13.2,13.97,3.38,-0.37,-1.74
261,13,237,37.13,7.17,24.69,36.6,18.5,28.33,-0.53,11.33,3.64
262,13,201,33.83,13.07,26.37,31.18,16.19,24.85,-2.65,3.12,-1.52
263,13,228,46.49,29.73,47.6,34.7,17.61,26.8,-11.79,-12.12,-20.8
264,13,167,23.95,23.03,22.29,31.32,17.62,25.22,7.37,-5.41,2.93
265,13,199,27.14,22.96,26.6,30.07,16.17,23.73,2.93,-6.79,-2.87
266,13,289,28.37,11.31,15.7,34.96,17.83,27.18,6.59,6.52,11.48
267,13,362,36.19,24.8,33.33,36.0,18.26,28.38,-0.19,-6.54,-4.95
268,13,336,34.82,21.95,26.84,36.77,17.91,28.89,1.95,-4.04,2.05
269,13,302,39.74,11.19,28.2,37.29,18.28,28.94,-2.45,7.09,0.74
270,13,185,30.27,24.44,23.4,27.93,16.72,22.6,-2.34,-7.72,-0.8
271,13,332,34.34,8.79,20.12,34.6,17.3,26.49,0.26,8.51,6.37
272,14,389,24.94,12.34,12.98,25.82,10.52,14.1,0.88,-1.82,1.12
273,14,348,26.72,10.79,19.89,26.97,10.57,15.17,0.25,-0.22,-4.72
274,14,402,24.38,13.1,10.84,25.27,10.66,13.89,0.89,-2.44,3.05
275,14,294,15.65,7.53,11.74,23.51,9.76,12.94,7.86,2.23,1.2
276,14,351,31.34,8.29,14.65,23.76,9.92,12.83,-7.58,1.63,-1.82
277,14,237,15.61,8.94,10.04,20.62,9.38,11.61,5.01,0.44,1.57
278,14,285,18.95,11.5,14.58,24.0,9.67,13.59,5.05,-1.83,-0.99
279,14,358,27.93,10.71,14.59,27.75,10.86,15.52,-0.18,0.15,0.93
280,14,323,33.75,7.57,12.31,24.22,9.98,12.87,-9.53,2.41,0.56
281,15,299,27.42,7.85,14.24,33.6,9.92,14.84,6.18,2.07,0.6
282,15,327,33.64,10.19,13.6,31.61,9.95,14.08,-2.03,-0.24,0.48
283,15,202,24.26,6.47,8.65,27.36,8.95,11.93,3.1,2.48,3.28
284,15,220,27.73,11.56,13.04,30.34,9.9,13.53,2.61,-1.66,0.49
285,15,307,31.92,7.62,13.78,30.35,9.28,13.14,-1.57,1.66,-0.64
286,15,217,26.27,9.91,10.91,29.29,10.01,12.91,3.02,0.1,2.0
287,15,354,33.33,15.86,17.12,36.25,10.51,16.42,2.92,-5.35,-0.7
288,15,333,44.74,7.9,17.82,33.11,9.84,14.49,-11.63,1.94,-3.33
291,16,296,45.27,15.49,26.95,34.5,19.62,28.82,-10.77,4.13,1.87
295,17,310,30.32,18.21,20.95,45.93,12.3,26.42,15.61,-5.91,5.47
297,17,651,42.7,17.23,28.29,46.98,12.23,27.01,4.28,-5.0,-1.28
298,17,402,45.77,10.74,24.26,44.97,11.92,26.04,-0.8,1.18,1.78
300,18,271,35.42,21.15,35.86,36.48,21.41,32.08,1.06,0.26,-3.78
302,18,311,38.91,24.05,35.31,37.03,21.33,32.65,-1.88,-2.72,-2.66
303,18,324,29.94,19.75,26.55,35.71,21.11,31.12,5.77,1.36,4.57
304,18,343,42.86,16.32,31.82,37.84,21.3,33.5,-5.02,4.98,1.68
307,18,265,38.87,18.29,34.44,34.37,20.54,30.23,-4.5,2.25,-4.21
308,18,272,37.5,17.58,25.26,35.29,20.37,29.96,-2.21,2.79,4.7
309,18,253,32.41,21.77,32.05,36.24,21.07,33.03,3.83,-0.7,0.98
310,18,259,27.41,20.93,32.7,34.57,20.3,31.37,7.16,-0.63,-1.33
313,18,210,27.14,19.6,26.76,35.79,20.77,32.36,8.65,1.17,5.6
315,18,231,30.74,23.87,22.08,33.63,20.49,29.07,2.89,-3.38,6.99
316,18,366,28.42,30.26,37.43,37.52,22.13,34.45,9.1,-8.13,-2.98
317,18,439,28.47,49.11,53.24,37.98,22.73,35.03,9.51,-26.38,-18.21
318,18,405,42.72,22.39,42.4,38.65,23.1,36.7,-4.07,0.71,-5.7
319,18,276,46.38,20.42,35.97,36.83,21.62,33.36,-9.55,1.2,-2.61
320,18,293,43.0,19.51,40.59,37.29,21.45,33.54,-5.71,1.94,-7.05
321,18,228,21.05,14.8,19.67,34.34,20.66,29.99,13.29,5.86,10.32
322,18,182,25.82,19.89,26.56,30.46,20.03,27.57,4.64,0.14,1.01
323,18,245,27.35,15.64,26.59,33.41,20.03,30.09,6.06,4.39,3.5
324,18,320,41.88,17.28,33.93,35.02,20.66,30.98,-6.86,3.38,-2.95
325,18,307,42.35,26.44,32.18,38.55,22.31,35.07,-3.8,-4.13,2.89
326,18,250,33.6,21.58,32.68,37.13,21.6,33.57,3.53,0.02,0.89
327,19,214,35.51,22.12,33.03,31.05,19.24,27.96,-4.46,-2.88,-5.07
328,19,225,29.33,18.06,25.65,32.91,20.33,30.43,3.58,2.27,4.78
329,19,296,29.73,17.18,23.0,34.45,20.61,32.48,4.72,3.43,9.48
330,19,372,45.43,16.22,32.11,36.42,21.32,35.22,-9.01,5.1,3.11
331,19,278,32.73,22.74,30.39,34.08,20.83,32.4,1.35,-1.91,2.01
332,19,376,40.16,18.98,34.29,35.18,20.89,33.9,-4.98,1.91,-0.39
333,19,355,40.0,15.97,32.6,36.0,20.88,34.28,-4.0,4.91,1.68
334,19,334,36.83,25.69,42.07,36.58,22.19,36.38,-0.25,-3.5,-5.69
336,19,199,26.13,17.53,24.5,31.91,19.44,29.58,5.78,1.91,5.08
337,19,241,32.37,13.5,23.46,30.01,19.08,27.33,-2.36,5.58,3.87
338,19,199,28.64,19.8,33.17,33.13,19.36,30.36,4.49,-0.44,-2.81
339,19,201,30.85,25.5,38.73,37.04,23.06,37.58,6.19,-2.44,-1.15
340,19,288,37.85,29.89,47.95,39.08,24.25,40.97,1.23,-5.64,-6.98
341,19,219,28.77,20.28,27.19,31.16,19.53,29.01,2.39,-0.75,1.82
342,19,123,28.46,30.25,34.07,28.58,19.69,26.99,0.12,-10.56,-7.08
343,19,266,37.22,20.31,32.26,34.21,20.87,32.39,-3.01,0.56,0.13
344,19,242,31.82,31.12,40.8,37.5,22.41,36.91,5.68,-8.71,-3.89
345,19,223,25.11,15.45,30.09,34.82,20.04,32.9,9.71,4.59,2.81
346,20,402,47.51,18.91,40.35,40.77,22.1,39.4,-6.74,3.19,-0.95
347,20,442,41.86,17.39,39.28,41.14,22.2,40.44,-0.72,4.81,1.16
348,20,485,35.46,17.56,31.43,37.82,21.57,37.24,2.36,4.01,5.81
349,20,402,32.09,27.53,33.97,40.77,20.97,39.13,8.68,-6.56,5.16
350,20,433,41.8,17.59,36.43,42.94,22.47,41.75,1.14,4.88,5.32
351,20,344,40.12,25.15,41.83,42.59,21.81,41.28,2.47,-3.34,-0.55
352,20,473,48.84,20.0,44.77,44.38,23.67,43.82,-4.46,3.67,-0.95
353,20,404,50.74,23.43,51.12,44.3,23.61,43.76,-6.44,0.18,-7.36
354,20,331,27.49,14.72,26.27,35.67,21.94,35.98,8.18,7.22,9.71
355,20,296,35.81,20.75,32.35,35.66,21.79,35.65,-0.15,1.04,3.3
356,20,366,40.98,26.07,42.62,39.94,22.66,40.07,-1.04,-3.41,-2.55
357,20,253,34.78,28.69,40.47,34.44,21.76,34.78,-0.34,-6.93,-5.69
358,20,479,43.42,18.53,37.21,39.74,22.03,39.52,-3.68,3.5,2.31
359,20,438,40.41,19.5,39.68,42.41,22.77,42.16,2.0,3.27,2.48
360,20,427,38.41,16.16,32.95,37.68,20.68,36.5,-0.73,4.52,3.55
361,20,332,34.64,23.93,35.42,35.52,21.27,35.34,0.88,-2.66,-0.08
362,20,342,37.72,28.14,44.96,44.43,23.7,44.31,6.71,-4.44,-0.65
363,20,284,41.9,23.02,45.92,42.03,22.46,41.24,0.13,-0.56,-4.68
364,20,288,27.43,31.89,40.13,34.6,21.38,35.1,7.17,-10.51,-5.03
365,20,276,38.41,31.6,45.23,42.8,22.76,42.32,4.39,-8.84,-2.91
366,20,353,39.66,20.06,38.13,42.18,23.89,42.29,2.52,3.83,4.16
367,20,346,42.77,21.68,37.82,43.21,23.47,43.13,0.44,1.79,5.31
368,20,429,59.44,31.03,61.87,46.83,25.25,47.09,-12.61,-5.78,-14.78
369,20,272,40.81,33.06,48.38,39.81,22.94,39.94,-1.0,-10.12,-8.44
370,21,218,38.99,17.92,30.0,31.57,18.4,30.2,-7.42,0.48,0.2
371,21,183,27.32,16.57,26.63,28.02,17.17,26.23,0.7,0.6,-0.4
372,21,212,41.04,26.21,36.74,31.24,18.17,30.11,-9.8,-8.04,-6.63
373,21,214,28.97,26.76,33.94,34.12,19.08,32.67,5.15,-7.68,-1.27
374,21,174,33.33,20.93,34.83,33.77,19.41,32.26,0.44,-1.52,-2.57
375,21,310,36.45,24.59,37.9,36.03,20.01,34.91,-0.42,-4.58,-2.99
376,21,264,37.88,28.92,46.18,38.88,21.12,38.31,1.0,-7.8,-7.87
377,21,231,24.24,15.18,22.75,30.21,18.12,29.01,5.97,2.94,6.26
378,21,262,32.06,15.75,28.84,31.79,19.03,30.69,-0.27,3.28,1.85
379,21,204,27.45,7.07,17.06,28.96,18.02,28.43,1.51,10.95,11.37
380,21,184,13.04,10.67,11.29,26.14,16.77,24.25,13.1,6.1,12.96
381,21,180,20.56,14.61,19.13,26.86,15.94,25.2,6.3,1.33,6.07
382,21,274,25.55,16.48,21.74,30.24,18.48,29.37,4.69,2.0,7.63
383,21,219,33.79,22.33,30.26,31.6,18.45,29.6,-2.19,-3.88,-0.66
384,21,255,28.63,24.9,30.89,32.15,18.38,30.69,3.52,-6.52,-0.2
385,21,247,19.84,10.57,20.24,27.86,16.59,26.04,8.02,6.02,5.8
386,21,212,17.92,13.21,17.29,24.69,15.57,22.29,6.77,2.36,5.0
387,21,209,13.88,9.13,11.48,23.51,14.74,20.37,9.63,5.61,8.89
388,21,268,23.88,10.19,18.59,26.69,16.04,24.22,2.81,5.85,5.63
389,21,272,44.49,15.81,35.14,36.12,18.81,33.66,-8.37,3.0,-1.48
390,21,353,34.28,22.32,35.38,36.01,19.53,33.94,1.73,-2.79,-1.44
391,21,264,36.74,20.15,38.49,33.12,19.0,31.82,-3.62,-1.15,-6.67
392,21,277,29.6,26.42,34.52,27.85,17.22,25.87,-1.75,-9.2,-8.65
393,21,256,32.81,25.31,37.55,31.94,18.6,30.95,-0.87,-6.71,-6.6
394,21,291,43.99,18.44,38.85,35.78,19.49,34.32,-8.21,1.05,-4.53
395,21,296,31.76,17.75,33.67,34.68,19.5,33.19,2.92,1.75,-0.48
396,21,352,44.03,16.19,40.45,39.97,20.74,38.5,-4.06,4.55,-1.95
397,21,413,44.79,25.13,46.75,40.61,21.41,39.78,-4.18,-3.72,-6.97
398,21,307,43.32,15.74,33.98,40.61,21.3,39.77,-2.71,5.56,5.79
399,21,397,45.09,19.95,42.5,42.05,22.86,42.29,-3.04,2.91,-0.21
400,22,286,31.12,17.08,30.21,34.04,18.5,31.45,2.92,1.42,1.24
402,22,302,35.43,17.06,32.89,37.14,18.84,34.06,1.71,1.78,1.17
403,22,258,37.6,14.9,27.63,34.19,19.22,32.43,-3.41,4.32,4.8
404,22,194,34.54,15.71,28.36,33.66,18.84,30.53,-0.88,3.13,2.17
405,22,272,31.99,24.12,30.32,32.96,17.7,29.84,0.97,-6.42,-0.48
407,22,291,36.77,10.69,27.12,35.46,18.4,32.18,-1.31,7.71,5.06
408,22,266,28.57,19.1,31.0,33.96,18.74,31.89,5.39,-0.36,0.89
411,22,256,36.72,13.55,25.97,34.25,18.32,31.43,-2.47,4.77,5.46
412,22,238,31.09,17.15,29.72,32.32,17.07,29.01,1.23,-0.08,-0.71
413,22,195,24.62,24.34,35.75,35.87,19.93,34.0,11.25,-4.41,-1.75
415,22,314,45.22,22.86,40.56,41.61,21.65,40.44,-3.61,-1.21,-0.12
417,22,339,53.98,19.77,46.44,42.28,22.18,41.31,-11.7,2.41,-5.13
418,23,382,45.81,16.15,38.4,40.57,20.16,38.35,-5.24,4.01,-0.05
419,23,399,40.35,9.95,28.74,35.93,18.93,33.08,-4.42,8.98,4.34
420,23,318,33.02,12.58,29.54,35.27,19.08,32.67,2.25,6.5,3.13
421,23,281,40.93,11.54,32.99,32.24,18.78,29.89,-8.69,7.24,-3.1
422,23,253,37.15,16.54,29.41,34.91,17.87,31.42,-2.24,1.33,2.01
423,23,268,41.04,19.4,37.77,38.27,19.59,35.32,-2.77,0.19,-2.45
424,23,129,27.91,20.47,33.59,35.69,17.5,32.23,7.78,-2.97,-1.36
425,23,309,45.31,18.79,35.58,36.67,18.31,33.63,-8.64,-0.48,-1.95
426,23,290,45.17,23.0,39.19,37.01,18.81,33.8,-8.16,-4.19,-5.39
427,23,336,42.26,15.52,35.47,37.29,18.42,33.59,-4.97,2.9,-1.88
428,23,303,41.25,15.82,33.11,36.28,19.15,33.23,-4.97,3.33,0.12
429,23,184,51.63,18.03,33.16,37.46,19.26,34.4,-14.17,1.23,1.24
430,23,327,37.31,18.51,31.63,37.18,19.0,34.1,-0.13,0.49,2.47
431,23,291,45.02,14.59,37.04,36.75,18.72,34.02,-8.27,4.13,-3.02
432,23,319,32.92,13.25,27.64,32.73,17.86,29.79,-0.19,4.61,2.15
433,23,255,30.59,13.23,22.87,34.25,18.56,32.12,3.66,5.33,9.25
434,23,354,29.66,16.33,29.21,36.87,19.15,34.57,7.21,2.82,5.36
435,23,275,34.55,29.55,36.01,34.94,18.13,32.19,0.39,-11.42,-3.82
437,23,262,37.02,19.92,30.97,36.19,18.29,33.28,-0.83,-1.63,2.31
438,23,203,30.54,25.4,33.17,37.53,18.41,33.9,6.99,-6.99,0.73
439,23,284,28.17,21.43,24.57,30.41,18.29,27.71,2.24,-3.14,3.14
440,23,296,31.76,28.18,44.73,33.01,18.01,29.99,1.25,-10.17,-14.74
441,23,482,46.47,19.03,41.55,39.39,19.14,36.43,-7.08,0.11,-5.12
442,23,299,28.09,22.22,26.82,38.07,19.65,35.75,9.98,-2.57,8.93
443,23,336,36.31,16.46,33.82,37.08,18.02,33.22,0.77,1.56,-0.6
444,23,73,20.55,20.55,31.51,32.07,17.6,30.04,11.52,-2.95,-1.47
445,23,266,22.18,20.31,27.94,34.6,18.43,31.61,12.42,-1.88,3.67
446,23,84,23.81,20.99,21.43,35.22,16.93,31.11,11.41,-4.06,9.68
447,23,298,30.54,21.62,31.33,35.03,18.46,32.02,4.49,-3.16,0.69
448,23,292,38.7,27.97,33.77,34.85,17.78,30.88,-3.85,-10.19,-2.89
449,23,240,35.83,18.72,27.42,34.95,18.05,31.64,-0.88,-0.67,4.22
450,23,206,50.49,24.48,46.6,35.49,18.63,32.96,-15.0,-5.85,-13.64
451,23,46,17.39,28.26,31.91,34.38,17.24,30.89,16.99,-11.02,-1.02
452,23,307,32.9,19.67,28.48,35.1,18.0,31.66,2.2,-1.67,3.18
453,23,301,38.87,16.23,33.88,37.73,19.8,36.05,-1.14,3.57,2.17
454,23,280,32.5,15.77,32.98,36.82,18.76,33.9,4.32,2.99,0.92
455,23,223,23.32,17.33,31.72,32.83,18.09,30.41,9.51,0.76,-1.31
456,23,264,23.11,21.43,31.09,34.59,17.88,31.33,11.48,-3.55,0.24
457,23,180,42.22,20.99,45.6,37.27,19.42,35.45,-4.95,-1.57,-10.15
458,23,399,30.83,10.89,24.26,37.78,19.27,34.5,6.95,8.38,10.24
459,23,269,32.71,19.7,31.88,37.96,18.45,34.86,5.25,-1.25,2.98
460,23,233,44.21,21.55,39.57,37.51,18.45,33.89,-6.7,-3.1,-5.68
461,23,264,24.62,17.24,30.94,35.94,18.34,32.8,11.32,1.1,1.86
462,23,375,39.2,16.44,32.37,36.51,19.18,33.75,-2.69,2.74,1.38
463,23,183,36.61,23.63,34.95,36.58,19.05,33.32,-0.03,-4.58,-1.63
464,23,449,49.22,18.22,41.81,41.49,19.8,38.63,-7.73,1.58,-3.18
465,23,414,34.78,16.13,32.46,39.84,18.88,36.46,5.06,2.75,4.0
466,23,112,38.39,22.73,38.26,35.63,18.15,32.85,-2.76,-4.58,-5.41
467,23,341,39.0,27.41,46.37,36.08,18.78,33.47,-2.92,-8.63,-12.9
468,24,322,36.65,20.06,32.82,36.24,25.61,37.3,-0.41,5.55,4.48
469,24,347,39.19,26.55,44.32,43.7,28.78,46.76,4.51,2.23,2.44
470,24,297,50.51,20.82,42.11,40.43,26.42,41.34,-10.08,5.6,-0.77
471,24,204,29.9,27.23,41.18,37.65,25.67,39.78,7.75,-1.56,-1.4
473,24,200,38.0,31.25,45.05,36.45,25.5,38.12,-1.55,-5.75,-6.93
478,24,227,18.06,22.33,25.75,33.38,23.63,33.25,15.32,1.3,7.5
480,24,210,34.29,22.82,29.22,36.27,25.47,36.97,1.98,2.65,7.75
482,24,258,37.21,28.35,45.69,37.6,26.26,39.98,0.39,-2.09,-5.71
485,24,446,55.38,27.05,53.36,46.44,29.48,50.0,-8.94,2.43,-3.36
487,24,296,47.97,23.53,53.85,44.95,29.07,48.39,-3.02,5.54,-5.46
488,24,207,42.03,25.77,45.71,37.46,25.19,39.0,-4.57,-0.58,-6.71
489,24,305,38.03,41.22,53.4,45.06,28.71,47.87,7.03,-12.51,-5.53
490,24,226,36.73,28.85,43.86,36.18,25.26,37.45,-0.55,-3.59,-6.41
491,24,299,36.45,25.0,35.57,38.51,26.48,40.52,2.06,1.48,4.95
492,24,234,35.9,26.72,33.2,33.81,24.4,34.77,-2.09,-2.32,1.57
493,24,228,41.23,36.11,51.3,43.02,28.46,46.81,1.79,-7.65,-4.49
494,25,204,35.29,16.75,28.44,30.68,19.23,28.38,-4.61,2.48,-0.06
495,25,189,29.63,26.63,31.63,36.29,21.95,35.03,6.66,-4.68,3.4
496,25,317,41.32,20.82,41.05,40.26,21.85,39.06,-1.06,1.03,-1.99
497,27,309,45.95,31.8,56.88,42.54,27.47,45.42,-3.41,-4.33,-11.46
498,27,295,39.32,38.81,46.44,39.25,25.94,40.79,-0.07,-12.87,-5.65
499,27,241,35.27,29.29,36.29,35.37,25.2,36.82,0.1,-4.09,0.53
500,27,254,44.88,31.15,46.99,36.91,25.93,38.51,-7.97,-5.22,-8.48
501,27,327,32.11,29.62,31.25,32.6,25.31,33.76,0.49,-4.31,2.51
502,27,267,35.96,31.15,39.19,37.05,26.01,38.36,1.09,-5.14,-0.83
503,27,263,29.28,26.95,38.24,34.58,25.83,35.54,5.3,-1.12,-2.7
504,27,195,26.67,28.18,30.96,33.7,25.75,35.76,7.03,-2.43,4.8
505,27,220,26.36,34.34,33.33,29.17,25.52,31.8,2.81,-8.82,-1.53
506,27,223,30.94,27.49,33.33,34.23,26.82,37.17,3.29,-0.67,3.84
507,27,211,36.97,24.02,36.36,35.99,26.68,38.05,-0.98,2.66,1.69
508,27,215,34.88,30.14,35.43,39.68,28.65,42.85,4.8,-1.49,7.42
509,27,178,37.64,38.69,46.32,33.94,26.74,37.03,-3.7,-11.95,-9.29
510,27,229,37.55,26.75,39.41,37.11,26.45,38.67,-0.44,-0.3,-0.74
511,27,287,35.54,19.42,35.29,37.75,25.55,38.77,2.21,6.13,3.48
512,27,309,37.86,25.93,39.17,37.22,25.96,38.36,-0.64,0.03,-0.81
513,27,311,37.62,22.4,41.9,37.8,25.39,38.6,0.18,2.99,-3.3
514,27,253,37.94,21.54,38.52,37.44,25.39,37.96,-0.5,3.85,-0.56
515,27,283,34.28,26.37,42.66,36.44,25.66,37.79,2.16,-0.71,-4.87
516,27,301,42.52,27.36,44.95,37.19,26.32,39.02,-5.33,-1.04,-5.93
518,27,72,36.11,19.44,25.68,31.72,23.46,31.27,-4.39,4.02,5.59
519,27,104,26.92,22.86,28.44,28.73,25.06,30.75,1.81,2.2,2.31
520,27,206,34.95,18.54,31.58,32.69,24.66,34.14,-2.26,6.12,2.56
521,27,197,30.96,26.02,31.5,32.37,24.98,34.32,1.41,-1.04,2.82
522,27,239,33.47,24.78,40.91,34.7,25.08,35.25,1.23,0.3,-5.66
523,27,255,41.18,28.23,37.55,36.91,25.65,38.0,-4.27,-2.58,0.45
524,27,269,43.87,18.25,34.28,35.79,24.84,36.02,-8.08,6.59,1.74
525,27,284,37.68,16.73,33.1,34.9,24.54,35.65,-2.78,7.81,2.55
526,27,317,35.65,22.57,32.2,37.4,24.88,37.58,1.75,2.31,5.38
527,27,220,20.0,19.63,27.43,32.93,24.87,34.32,12.93,5.24,6.89
528,27,141,33.33,24.46,30.56,35.33,26.96,38.35,2.0,2.5,7.79
529,27,125,30.4,28.0,32.06,34.23,26.48,36.52,3.83,-1.52,4.46
530,27,209,33.49,18.75,34.56,32.24,24.89,34.06,-1.25,6.14,-0.5
531,27,220,34.55,18.6,26.67,30.97,24.09,31.91,-3.58,5.49,5.24
542,28,139,19.42,18.98,21.09,33.02,15.13,30.17,13.6,-3.85,9.08
543,28,180,35.56,18.75,32.02,33.21,15.85,31.26,-2.35,-2.9,-0.76
544,28,158,32.28,20.92,33.74,31.5,16.42,30.05,-0.78,-4.5,-3.69
545,28,163,22.09,12.42,21.82,31.31,15.05,28.72,9.22,2.63,6.9
546,28,181,30.94,11.86,22.4,30.16,15.32,28.32,-0.78,3.46,5.92
547,28,146,30.14,14.48,22.15,28.49,14.25,25.51,-1.65,-0.23,3.36
548,28,174,23.56,18.71,27.22,29.22,14.86,26.94,5.66,-3.85,-0.28
549,28,143,23.08,8.45,25.69,31.74,16.35,30.03,8.66,7.9,4.34
550,28,216,29.63,16.36,27.98,32.23,16.85,30.61,2.6,0.49,2.63
551,28,250,34.4,14.46,25.9,30.41,15.73,28.14,-3.99,1.27,2.24
552,28,276,50.36,16.18,46.07,35.11,16.75,33.65,-15.25,0.57,-12.42
553,28,226,34.51,19.47,40.09,31.62,16.63,30.17,-2.89,-2.84,-9.92
554,28,219,28.77,15.07,28.38,31.65,16.49,30.0,2.88,1.42,1.62
555,29,315,32.38,23.39,36.81,37.58,19.05,33.85,5.2,-4.34,-2.96
556,29,296,48.31,16.72,42.81,40.55,20.08,36.56,-7.76,3.36,-6.25
557,29,327,45.87,14.98,38.74,41.02,19.32,36.51,-4.85,4.34,-2.23
558,29,335,36.72,22.64,36.97,38.03,19.66,34.82,1.31,-2.98,-2.15
559,29,380,40.26,23.33,41.01,40.77,21.82,38.39,0.51,-1.51,-2.62
560,29,303,48.51,22.59,46.08,42.2,21.55,39.85,-6.31,-1.04,-6.23
561,29,305,45.9,17.28,40.72,39.91,19.93,36.71,-5.99,2.65,-4.01
562,29,232,44.83,17.49,41.18,35.52,19.79,32.75,-9.31,2.3,-8.43
563,29,180,31.67,24.16,34.95,36.23,20.06,33.61,4.56,-4.1,-1.34
564,29,270,30.0,16.98,34.06,39.53,20.46,37.01,9.53,3.48,2.95
565,29,242,36.78,23.63,36.99,39.03,20.41,36.2,2.25,-3.22,-0.79
566,29,223,35.87,17.84,33.04,36.7,19.13,32.79,0.83,1.29,-0.25
567,29,220,38.64,18.43,33.04,35.28,18.81,31.36,-3.36,0.38,-1.68
568,29,231,29.44,22.75,34.32,33.57,18.44,29.93,4.13,-4.31,-4.39
569,29,234,22.22,17.95,21.25,30.35,18.91,28.27,8.13,0.96,7.02
570,29,183,26.78,23.6,24.87,34.22,19.42,31.22,7.44,-4.18,6.35
571,29,214,40.65,10.8,26.61,32.92,18.67,30.08,-7.73,7.87,3.47
572,29,120,31.67,18.33,28.0,30.8,18.14,27.59,-0.87,-0.19,-0.41
573,29,136,25.74,12.41,16.78,31.91,17.79,27.55,6.17,5.38,10.77
574,29,171,26.32,16.13,23.56,32.92,18.12,29.63,6.6,1.99,6.07
575,29,191,24.08,29.78,24.74,29.38,18.65,27.84,5.3,-11.13,3.1
576,29,217,30.41,20.28,24.11,30.16,17.75,27.14,-0.25,-2.53,3.03
577,29,209,25.36,16.15,27.44,32.45,17.99,28.86,7.09,1.84,1.42
578,29,173,31.79,17.07,27.68,36.05,19.03,32.33,4.26,1.96,4.65
579,29,333,35.14,25.62,35.96,38.02,19.59,34.0,2.88,-6.03,-1.96
580,29,417,56.59,19.06,45.05,43.06,21.52,39.98,-13.53,2.46,-5.07
581,29,240,30.42,16.59,16.33,31.82,18.08,28.29,1.4,1.49,11.96
582,29,180,31.67,16.48,25.0,33.22,18.65,30.66,1.55,2.17,5.66
583,29,197,38.58,15.58,24.4,31.0,17.95,26.62,-7.58,2.37,2.22
584,29,140,16.43,19.57,20.42,30.1,17.31,26.36,13.67,-2.26,5.94
585,30,181,24.86,17.42,25.0,26.52,18.28,23.1,1.66,0.86,-1.9
586,30,159,28.3,20.25,20.62,25.73,18.69,22.27,-2.57,-1.56,1.65
587,31,251,31.08,19.31,27.56,29.74,18.93,26.21,-1.34,-0.38,-1.35
588,32,281,24.91,12.82,21.48,24.23,15.59,19.93,-0.68,2.77,-1.55
589,32,249,19.28,13.62,17.86,23.38,15.53,19.78,4.1,1.91,1.92
590,32,185,31.35,17.3,22.34,27.31,16.28,22.26,-4.04,-1.02,-0.08
591,32,208,22.12,14.01,18.31,22.07,14.71,17.94,-0.05,0.7,-0.37
592,32,273,30.4,17.78,21.28,24.27,14.45,19.18,-6.13,-3.33,-2.1
593,32,196,29.08,21.05,26.77,25.64,15.52,20.86,-3.44,-5.53,-5.91
594,32,139,22.3,9.56,17.27,22.34,15.22,18.44,0.04,5.66,1.17
595,32,158,22.15,18.18,19.5,21.16,15.33,17.57,-0.99,-2.85,-1.93
596,32,174,24.71,14.12,23.56,25.7,15.9,21.08,0.99,1.78,-2.48
597,32,128,23.44,8.73,17.42,22.92,15.63,20.0,-0.52,6.9,2.58
598,32,138,20.29,14.6,20.14,22.13,14.93,19.49,1.84,0.33,-0.65
599,32,104,23.08,11.43,11.43,23.84,15.29,19.95,0.76,3.86,8.52
600,32,144,14.58,21.28,17.11,23.14,15.08,19.07,8.56,-6.2,1.96
601,32,143,18.88,17.73,14.86,22.65,14.92,19.22,3.77,-2.81,4.36
602,33,191,19.37,16.75,20.51,23.66,13.96,19.49,4.29,-2.79,-1.02
603,33,104,21.15,18.0,20.18,20.33,12.27,16.24,-0.82,-5.73,-3.94
604,33,152,21.71,15.44,20.51,24.19,14.03,20.19,2.48,-1.41,-0.32
605,33,225,29.78,13.27,20.0,26.34,14.83,22.2,-3.44,1.56,2.2
606,33,183,30.05,15.47,24.59,27.74,14.96,23.39,-2.31,-0.51,-1.2
607,33,193,24.87,11.92,20.21,27.46,15.07,23.63,2.59,3.15,3.42
608,33,146,24.66,10.56,21.48,25.3,14.93,21.82,0.64,4.37,0.34
609,33,154,25.32,10.6,14.65,24.74,13.34,20.23,-0.58,2.74,5.58
610,33,155,21.29,12.42,14.65,23.71,13.87,19.68,2.42,1.45,5.03
611,33,149,26.17,17.22,20.92,26.13,15.12,21.81,-0.04,-2.1,0.89
612,33,270,27.78,20.39,28.42,27.19,15.28,23.35,-0.59,-5.11,-5.07
613,33,129,33.33,17.74,34.88,26.83,14.78,22.77,-6.5,-2.96,-12.11
614,33,176,28.98,19.77,27.47,26.01,15.01,22.44,-2.97,-4.76,-5.03
615,33,150,29.33,15.44,21.71,27.99,14.86,23.55,-1.34,-0.58,1.84
616,33,196,26.02,14.51,20.3,27.83,15.24,23.4,1.81,0.73,3.1
617,33,211,21.8,14.15,18.78,26.42,14.64,22.57,4.62,0.49,3.79
618,33,207,30.92,13.53,23.44,25.58,14.89,22.16,-5.34,1.36,-1.28
619,33,157,19.11,18.71,21.74,26.25,14.6,22.44,7.14,-4.11,0.7
620,33,141,21.28,8.76,21.77,24.94,14.89,21.73,3.66,6.13,-0.04
621,33,232,30.6,10.62,23.73,28.15,14.9,24.48,-2.45,4.28,0.75
622,33,217,26.73,22.64,27.15,27.21,15.56,23.93,0.48,-7.08,-3.22
623,33,202,31.68,9.84,22.39,24.59,13.63,19.75,-7.09,3.79,-2.64
624,33,301,19.6,14.72,18.75,24.93,14.31,20.22,5.33,-0.41,1.47
625,33,179,27.93,14.37,22.99,26.86,14.51,22.42,-1.07,0.14,-0.57
626,33,257,27.24,17.21,21.8,26.46,14.43,22.25,-0.78,-2.78,0.45
627,33,169,20.12,17.61,20.12,24.05,13.82,19.53,3.93,-3.79,-0.59
628,33,173,29.48,11.05,21.59,24.68,14.04,20.02,-4.8,2.99,-1.57
629,33,167,16.17,10.71,14.2,21.1,12.69,17.34,4.93,1.98,3.14
630,33,208,29.81,15.46,24.2,27.63,14.81,22.79,-2.18,-0.65,-1.41
631,33,230,29.57,10.09,18.14,26.13,13.98,20.96,-3.44,3.89,2.82
632,33,134,23.13,7.41,18.84,24.14,13.75,19.33,1.01,6.34,0.49
633,33,132,21.97,12.8,19.85,23.74,13.62,19.52,1.77,0.82,-0.33
634,34,215,25.12,11.22,17.97,29.91,11.66,20.05,4.79,0.44,2.08
635,34,161,17.39,11.18,12.2,26.67,10.76,16.92,9.28,-0.42,4.72
636,34,155,47.74,7.28,31.61,28.51,12.21,21.98,-19.23,4.93,-9.63
637,34,181,26.52,15.85,19.35,29.22,12.14,20.17,2.7,-3.71,0.82
638,35,132,21.97,16.8,26.09,24.96,16.87,27.25,2.99,0.07,1.16
639,35,110,30.0,26.92,45.13,27.92,19.4,32.65,-2.08,-7.52,-12.48
640,35,171,22.22,13.1,17.82,22.16,17.49,24.63,-0.06,4.39,6.81
801,12,210,24.29,8.33,9.22,25.3,12.47,13.12,1.01,4.14,3.9
802,12,197,26.9,9.84,14.43,27.15,12.59,13.31,0.25,2.75,-1.12
803,12,195,31.79,16.0,14.93,29.6,13.83,15.03,-2.19,-2.17,0.1
804,12,284,25.35,12.9,12.93,28.35,12.82,14.73,3.0,-0.08,1.8
805,12,271,14.76,20.52,12.9,28.47,14.08,15.18,13.71,-6.44,2.28
806,12,374,29.68,12.3,18.11,30.67,14.38,17.44,0.99,2.08,-0.67
807,12,209,21.53,12.24,9.39,26.84,13.36,14.1,5.31,1.12,4.71
808,12,275,38.55,14.29,16.2,27.83,13.51,14.29,-10.72,-0.78,-1.91
809,12,296,26.01,14.7,14.9,26.36,13.15,13.71,0.35,-1.55,-1.19
810,18,272,43.01,27.1,40.5,38.54,21.8,35.27,-4.47,-5.3,-5.23
811,18,241,39.0,23.53,34.65,37.49,21.76,34.56,-1.51,-1.77,-0.09
812,18,377,48.81,21.53,37.82,38.93,21.59,35.14,-9.88,0.06,-2.68
813,18,332,39.76,13.37,28.53,35.91,20.66,32.44,-3.85,7.29,3.91
814,18,229,38.86,15.86,33.76,35.08,20.98,31.94,-3.78,5.12,-1.82
815,18,302,31.79,17.57,27.74,34.92,20.61,30.71,3.13,3.04,2.97
816,18,269,36.43,14.12,22.55,34.9,20.74,30.32,-1.53,6.62,7.77
817,18,365,39.73,20.23,33.51,37.7,21.02,33.6,-2.03,0.79,0.09
818,18,238,25.21,21.1,25.51,32.11,19.5,28.18,6.9,-1.6,2.67
819,18,273,38.1,13.06,22.46,35.75,21.13,32.41,-2.35,8.07,9.95
820,18,402,38.06,17.62,27.36,39.17,22.24,34.88,1.11,4.62,7.52
821,18,311,40.84,23.91,32.08,36.96,21.81,32.36,-3.88,-2.1,0.28
822,22,199,33.67,14.36,33.83,31.79,17.62,28.81,-1.88,3.26,-5.02
823,22,287,39.72,20.0,34.68,34.09,17.51,30.55,-5.63,-2.49,-4.13
824,22,323,34.98,22.93,38.86,37.18,19.46,34.93,2.2,-3.47,-3.93
825,22,268,46.64,21.2,45.0,40.34,21.38,38.93,-6.3,0.18,-6.07
826,22,341,38.12,16.67,27.83,33.51,17.5,30.38,-4.61,0.83,2.55
827,22,246,25.61,25.0,28.69,34.35,18.19,31.08,8.74,-6.81,2.39
828,22,286,46.15,19.64,45.42,39.08,20.96,37.96,-7.07,1.32,-7.46
829,22,247,39.27,16.6,28.63,29.2,16.12,25.3,-10.07,-0.48,-3.33
830,22,285,28.77,22.34,22.26,35.31,18.57,32.6,6.54,-3.77,10.34
831,22,296,38.85,23.18,43.18,40.95,22.08,40.39,2.1,-1.1,-2.79
832,22,224,31.25,18.02,31.3,34.11,18.32,30.95,2.86,0.3,-0.35
833,22,297,33.33,20.55,32.01,31.1,17.37,28.15,-2.23,-3.18,-3.86
834,22,337,40.36,21.43,37.46,42.45,22.27,41.74,2.09,0.84,4.28
835,22,329,29.79,20.25,34.55,38.75,19.57,36.0,8.96,-0.68,1.45
836,22,295,29.15,17.91,30.43,36.21,19.55,33.74,7.06,1.64,3.31
837,7,179,34.08,13.29,25.14,31.88,11.27,22.45,-2.2,-2.02,-2.69
838,7,232,34.91,16.44,28.69,29.5,11.57,21.92,-5.41,-4.87,-6.77
839,7,216,28.24,6.13,21.2,31.25,11.82,22.56,3.01,5.69,1.36
840,7,265,25.66,7.58,17.54,33.61,11.11,23.36,7.95,3.53,5.82
841,7,228,37.28,8.81,22.88,30.14,11.04,21.28,-7.14,2.23,-1.6
842,7,251,27.09,11.65,23.23,31.37,11.36,22.16,4.28,-0.29,-1.07
843,7,220,32.73,19.05,28.76,29.87,10.8,21.29,-2.86,-8.25,-7.47
844,7,207,33.82,8.78,17.54,30.2,11.35,21.95,-3.62,2.57,4.41
845,7,207,20.77,14.29,19.81,27.16,10.87,19.6,6.39,-3.42,-0.21
846,7,211,27.96,10.95,17.13,28.59,11.29,20.46,0.63,0.34,3.33
847,7,259,35.14,8.46,18.87,32.49,10.79,22.47,-2.65,2.33,3.6
848,24,231,35.5,18.67,35.04,31.84,23.41,32.95,-3.66,4.74,-2.09
849,24,300,47.33,29.0,47.56,42.64,28.14,45.7,-4.69,-0.86,-1.86
850,24,244,32.79,29.41,40.24,38.12,24.82,38.86,5.33,-4.59,-1.38
851,24,267,31.84,25.28,32.73,36.67,24.49,37.02,4.83,-0.79,4.29
852,24,283,49.12,29.01,49.48,45.67,30.16,49.52,-3.45,1.15,0.04
853,24,291,29.9,25.45,35.67,37.16,24.75,38.15,7.26,-0.7,2.48
854,24,260,43.85,18.7,30.18,38.75,25.58,39.51,-5.1,6.88,9.33
855,24,212,27.36,25.38,29.3,32.68,24.64,33.6,5.32,-0.74,4.3
856,24,211,37.44,17.17,25.82,35.27,25.08,36.38,-2.17,7.91,10.56
857,24,257,37.74,29.64,38.61,41.97,27.65,44.39,4.23,-1.99,5.78
858,24,316,43.99,26.53,49.23,43.7,28.63,47.24,-0.29,2.1,-1.99
859,24,304,33.22,25.34,33.01,34.57,25.0,35.65,1.35,-0.34,2.64
860,24,349,46.99,37.16,52.92,43.16,27.79,45.33,-3.83,-9.37,-7.59
861,24,244,39.34,17.36,37.45,32.21,24.23,33.49,-7.13,6.87,-3.96
862,24,324,35.8,34.12,41.16,40.96,27.42,44.04,5.16,-6.7,2.88
863,24,255,39.61,26.88,41.6,41.17,26.21,41.47,1.56,-0.67,-0.13
864,24,224,41.07,20.18,39.57,34.56,25.04,36.87,-6.51,4.86,-2.7
865,6,290,28.97,6.21,21.21,27.46,11.73,21.04,-1.51,5.52,-0.17
866,6,242,23.97,10.79,16.87,24.7,10.76,18.69,0.73,-0.03,1.82
867,23,61,40.98,19.35,36.51,35.9,19.74,34.17,-5.08,0.39,-2.34
868,23,362,28.18,22.66,27.42,36.14,19.03,33.52,7.96,-3.63,6.1
869,27,195,34.36,24.73,38.69,39.44,27.74,42.44,5.08,3.01,3.75
870,27,169,40.24,17.96,29.65,32.74,25.19,33.81,-7.5,7.23,4.16
871,17,327,38.53,20.12,25.51,46.53,12.87,27.68,8.0,-7.25,2.17
872,17,911,50.38,8.75,24.06,48.09,11.26,26.41,-2.29,2.51,2.35
873,17,260,35.38,11.81,15.87,44.34,12.59,26.29,8.96,0.78,10.42
874,17,301,32.89,19.59,27.13,44.49,13.01,26.33,11.6,-6.58,-0.8
875,17,902,51.66,10.52,27.64,47.6,11.94,27.04,-4.06,1.42,-0.6
876,17,281,41.64,14.95,29.47,41.52,12.52,24.66,-0.12,-2.43,-4.81
877,17,736,48.37,9.4,28.19,48.42,11.22,26.77,0.05,1.82,-1.42
878,17,1052,58.56,7.9,30.95,48.92,11.92,27.36,-9.64,4.02,-3.59
879,3,258,35.27,9.38,20.16,30.46,11.65,21.72,-4.81,2.27,1.56
880,3,283,28.98,13.19,22.41,27.27,11.18,18.79,-1.71,-2.01,-3.62
881,3,216,24.07,9.43,14.41,24.0,10.97,16.73,-0.07,1.54,2.32
882,3,217,22.12,10.28,11.36,21.01,9.83,14.53,-1.11,-0.45,3.17
883,36,268,44.78,29.6,50.55,37.49,22.2,37.46,-7.29,-7.4,-13.09
884,36,200,29.0,22.11,26.24,32.64,20.55,31.08,3.64,-1.56,4.84
885,36,124,32.26,16.39,19.23,28.0,19.14,25.9,-4.26,2.75,6.67
886,36,204,30.39,18.54,33.8,32.53,21.86,32.69,2.14,3.32,-1.11
887,36,172,34.3,23.64,31.67,31.34,20.79,30.68,-2.96,-2.85,-0.99
888,36,176,32.39,32.35,36.81,35.13,23.93,37.04,2.74,-8.42,0.23
889,36,284,50.7,17.42,42.32,38.25,23.52,38.8,-12.45,6.1,-3.52
890,36,230,33.91,32.69,43.44,37.29,23.49,37.54,3.38,-9.2,-5.9
891,36,165,30.91,13.84,26.59,31.13,20.59,29.57,0.22,6.75,2.98
892,36,173,21.39,26.16,26.55,32.65,20.68,31.58,11.26,-5.48,5.03
893,36,182,37.91,35.39,41.71,40.8,24.95,40.88,2.89,-10.44,-0.83
894,36,166,31.93,20.25,27.01,33.77,21.82,33.17,1.84,1.57,6.16
895,36,304,42.11,18.21,32.91,35.11,23.19,35.27,-7.0,4.98,2.36
896,36,177,26.55,21.08,27.47,32.41,20.95,31.36,5.86,-0.13,3.89
897,36,180,36.11,21.47,42.33,34.89,23.04,34.9,-1.22,1.57,-7.43
898,36,184,28.8,11.24,21.23,28.37,20.5,27.39,-0.43,9.26,6.16
899,36,226,35.4,28.14,31.91,35.42,22.47,34.53,0.02,-5.67,2.62
900,36,166,32.53,28.66,29.41,33.03,21.14,32.17,0.5,-7.52,2.76
901,36,211,31.75,17.96,33.64,35.14,23.9,36.11,3.39,5.94,2.47
902,36,227,30.4,26.55,38.36,33.67,21.91,33.13,3.27,-4.64,-5.23
903,36,148,27.03,27.21,30.46,29.84,20.71,29.75,2.81,-6.5,-0.71
904,36,211,22.75,19.61,26.85,31.92,22.3,31.68,9.17,2.69,4.83
905,36,195,36.92,14.29,28.86,31.73,20.49,29.33,-5.19,6.2,0.47
906,36,226,31.86,24.22,34.06,34.37,21.82,32.76,2.51,-2.4,-1.3
907,36,180,29.44,20.11,29.73,33.48,21.8,33.63,4.04,1.69,3.9
908,36,144,28.47,26.39,29.53,31.53,21.23,31.15,3.06,-5.16,1.62
909,36,224,32.14,19.72,36.75,36.49,22.51,35.94,4.35,2.79,-0.81
910,36,227,40.09,15.07,33.91,36.06,22.54,36.07,-4.03,7.47,2.16
911,36,172,36.63,19.39,39.33,33.96,21.86,33.39,-2.67,2.47,-5.94
912,36,196,30.1,28.8,35.75,29.94,20.29,28.89,-0.16,-8.51,-6.86
913,36,255,38.43,9.92,27.52,32.33,21.1,30.81,-6.1,11.18,3.29
914,16,223,23.77,25.71,29.96,30.49,18.34,24.3,6.72,-7.37,-5.66
915,16,191,43.46,15.87,23.96,33.73,19.77,27.91,-9.73,3.9,3.95
916,16,307,27.04,28.99,32.39,32.01,19.34,26.97,4.97,-9.65,-5.42
917,16,216,35.19,15.38,21.82,31.62,18.32,25.23,-3.57,2.94,3.41
918,16,223,25.56,16.44,23.01,34.37,19.68,28.6,8.81,3.24,5.59
919,16,270,31.48,19.85,32.1,35.76,20.29,30.63,4.28,0.44,-1.47
920,16,180,30.0,12.28,22.1,29.49,17.84,23.11,-0.51,5.56,1.01
921,9,409,36.19,19.9,32.93,41.52,17.07,32.74,5.33,-2.83,-0.19
922,9,498,52.41,17.28,43.11,44.6,18.49,36.19,-7.81,1.21,-6.92
923,9,191,27.75,16.84,23.56,30.33,16.45,24.43,2.58,-0.39,0.87
924,9,483,31.68,17.77,27.49,35.32,16.22,27.92,3.64,-1.55,0.43
925,9,411,34.79,18.23,27.34,38.21,17.45,31.22,3.42,-0.78,3.88
926,9,360,30.0,18.79,27.17,34.55,16.3,27.86,4.55,-2.49,0.69
927,9,375,47.2,13.08,29.06,42.05,17.82,34.14,-5.15,4.74,5.08
928,9,547,51.37,13.84,29.53,42.05,18.12,33.99,-9.32,4.28,4.46
929,9,454,29.52,21.69,25.97,38.2,17.17,30.79,8.68,-4.52,4.82
930,9,351,33.05,11.14,28.85,38.06,16.94,30.13,5.01,5.8,1.28
931,19,251,39.84,26.1,41.47,33.99,21.92,33.1,-5.85,-4.18,-8.37
932,19,250,34.0,20.33,31.2,35.49,21.09,33.82,1.49,0.76,2.62
