district,stunting_rate,wasting_rate,underweight_rate,sample_size,avg_wealth_index,avg_mother_education,state
1,23.219814241486066,21.671826625387,25.077399380804955,300,2.928792569659443,1.6284829721362228,1
2,24.475524475524477,16.783216783216783,20.27972027972028,267,3.332167832167832,1.5314685314685315,1
3,21.31782945736434,14.34108527131783,17.441860465116278,229,3.4612403100775193,1.686046511627907,37
4,33.94833948339483,16.236162361623617,21.033210332103323,253,2.3874538745387452,1.6125461254612545,37
5,24.415584415584416,14.805194805194805,18.181818181818183,361,2.9558441558441557,1.594805194805195,1
6,28.482972136222912,20.123839009287924,30.65015479876161,306,2.9102167182662537,1.736842105263158,1
7,17.032967032967033,14.835164835164836,21.978021978021978,141,3.912087912087912,1.9615384615384615,1
8,20.520231213872833,16.184971098265898,16.184971098265898,311,2.9508670520231215,1.346820809248555,1
9,21.885521885521886,11.447811447811448,14.814814814814813,252,2.7306397306397305,1.2693602693602695,1
10,29.535864978902953,16.455696202531644,15.18987341772152,216,4.109704641350211,1.9240506329113924,1
11,17.341040462427745,22.254335260115607,19.653179190751445,314,3.0895953757225434,1.4017341040462428,1
12,19.767441860465116,12.015503875968992,18.6046511627907,230,3.5736434108527133,1.6550387596899225,1
13,21.16182572614108,28.63070539419087,32.780082987551864,230,3.4564315352697097,1.8215767634854771,1
14,25.2,21.2,26.8,231,3.276,1.384,1
15,24.65277777777778,9.722222222222223,14.23611111111111,250,2.6875,1.4340277777777777,1
16,29.7029702970297,8.58085808580858,14.19141914191419,277,2.6105610561056105,1.4224422442244224,1
17,23.118279569892472,13.709677419354838,19.623655913978492,358,2.4059139784946235,1.196236559139785,1
18,25.0,19.672131147540984,16.39344262295082,227,2.610655737704918,1.6557377049180328,1
19,32.5,18.928571428571427,31.071428571428573,248,3.025,1.675,1
20,16.38888888888889,11.666666666666666,11.38888888888889,338,2.6277777777777778,1.3583333333333334,1
21,25.523012552301257,15.481171548117153,16.736401673640167,216,4.397489539748954,2.1799163179916317,1
22,23.56902356902357,15.824915824915825,14.14141414141414,262,3.9158249158249157,2.006734006734007,1
23,37.31884057971014,13.768115942028986,24.27536231884058,242,3.050724637681159,1.855072463768116,2
24,23.809523809523807,17.142857142857142,27.61904761904762,187,3.7333333333333334,2.104761904761905,2
25,24.31192660550459,13.302752293577983,16.055045871559635,187,2.31651376146789,2.0275229357798166,2
26,34.57943925233645,14.018691588785046,24.766355140186917,196,3.0186915887850465,2.014018691588785,2
27,31.330472103004293,18.025751072961373,21.45922746781116,219,3.5836909871244633,2.1931330472103006,2
28,24.691358024691358,12.962962962962962,21.604938271604937,148,3.9691358024691357,2.2901234567901234,2
29,21.982758620689655,11.637931034482758,22.844827586206897,215,4.064655172413793,2.0775862068965516,2
30,38.62433862433862,11.11111111111111,36.507936507936506,176,3.613756613756614,2.074074074074074,2
31,28.75536480686695,15.450643776824036,22.746781115879827,202,3.92274678111588,2.0300429184549356,2
32,27.914110429447852,16.56441717791411,22.699386503067483,307,3.6165644171779143,1.901840490797546,2
33,26.900584795321635,13.450292397660817,11.11111111111111,162,3.3801169590643276,2.181286549707602,2
34,29.82456140350877,9.941520467836257,17.543859649122805,158,3.1052631578947367,2.134502923976608,2
36,22.0,11.200000000000001,17.2,223,4.312,1.848,3
37,20.0,8.444444444444445,13.777777777777779,181,4.44,1.8266666666666667,3
38,18.51851851851852,11.11111111111111,12.5,201,4.4907407407407405,2.162037037037037,3
39,16.73469387755102,11.020408163265307,11.020408163265307,230,4.510204081632653,2.0326530612244897,3
40,27.82608695652174,6.521739130434782,16.52173913043478,203,4.495652173913044,2.0130434782608697,3
41,18.53448275862069,4.741379310344827,10.344827586206897,192,4.288793103448276,1.9267241379310345,3
42,20.0,10.588235294117647,15.294117647058824,225,4.023529411764706,1.572549019607843,3
44,29.96389891696751,11.913357400722022,27.075812274368232,238,3.848375451263538,1.595667870036101,3
45,24.647887323943664,9.15492957746479,18.30985915492958,255,4.014084507042254,1.7464788732394365,3
46,19.130434782608695,12.608695652173912,19.130434782608695,201,4.0,1.6695652173913043,3
47,31.438127090301005,11.036789297658862,20.401337792642142,265,3.839464882943144,1.3645484949832776,3
48,17.083333333333332,7.916666666666666,15.416666666666668,204,4.366666666666666,1.8458333333333334,3
49,17.05426356589147,9.689922480620156,9.689922480620156,221,4.437984496124031,1.7984496124031009,3
50,21.639344262295083,9.508196721311474,13.114754098360656,266,3.8852459016393444,1.5344262295081967,3
51,14.018691588785046,8.411214953271028,13.551401869158877,193,4.4766355140186915,2.116822429906542,3
52,20.66115702479339,7.851239669421488,18.181818181818183,197,4.516528925619835,2.0330578512396693,3
53,18.823529411764707,8.235294117647058,14.901960784313726,209,4.396078431372549,1.9450980392156862,3
54,29.23728813559322,7.203389830508475,13.983050847457626,209,4.27542372881356,1.847457627118644,3
55,21.839080459770116,8.620689655172415,18.96551724137931,156,4.563218390804598,2.0,4
56,30.9375,8.75,21.25,273,2.784375,1.975,5
57,29.71014492753623,13.768115942028986,19.92753623188406,242,3.032608695652174,2.300724637681159,5
58,24.137931034482758,7.523510971786834,11.285266457680251,297,3.0250783699059562,2.282131661442006,5
59,27.083333333333332,11.805555555555555,19.444444444444446,266,3.1319444444444446,2.107638888888889,5
60,16.334661354581673,6.772908366533864,14.342629482071715,183,4.318725099601593,2.095617529880478,5
61,27.513227513227513,10.582010582010582,16.402116402116402,174,3.0317460317460316,2.015873015873016,5
62,23.846153846153847,11.153846153846155,18.846153846153847,240,2.973076923076923,2.246153846153846,5
63,21.34831460674157,7.116104868913857,10.861423220973784,245,2.9138576779026217,2.149812734082397,5
64,23.853211009174313,14.678899082568808,20.642201834862387,203,2.6743119266055047,2.096330275229358,5
65,22.1875,10.625,13.4375,304,2.9,2.046875,5
66,22.58064516129032,12.609970674486803,14.369501466275661,316,3.7067448680351904,2.0469208211143695,5
67,22.163588390501317,10.817941952506596,18.997361477572557,319,3.5514511873350925,1.4063324538258575,5
68,24.719101123595504,12.07865168539326,20.50561797752809,276,3.485955056179775,1.4185393258426966,5
69,17.48633879781421,9.836065573770492,16.39344262295082,148,4.573770491803279,2.0054644808743167,6
70,20.454545454545457,9.415584415584416,11.688311688311687,275,4.214285714285714,2.00974025974026,6
71,23.738872403560833,11.275964391691394,20.77151335311573,298,4.1513353115727005,1.8991097922848665,6
72,20.114942528735632,10.057471264367816,18.103448275862068,292,4.198275862068965,1.9281609195402298,6
73,24.62121212121212,15.530303030303031,23.484848484848484,221,4.037878787878788,1.7424242424242424,6
74,26.525198938992045,8.753315649867375,19.893899204244033,347,4.206896551724138,1.9708222811671088,6
75,21.92192192192192,8.708708708708707,16.516516516516518,290,3.942942942942943,1.936936936936937,6
76,22.666666666666664,7.333333333333333,12.666666666666668,283,4.333333333333333,2.0733333333333333,6
77,21.035598705501616,7.443365695792881,19.093851132686083,267,4.0711974110032365,1.8802588996763754,6
78,20.90032154340836,13.826366559485532,23.15112540192926,270,4.086816720257235,1.7813504823151125,6
79,22.22222222222222,11.76470588235294,21.568627450980394,132,3.816993464052288,1.6470588235294117,6
80,23.333333333333332,12.424242424242424,17.575757575757574,268,4.112121212121212,1.8303030303030303,6
82,24.149659863945576,10.54421768707483,18.70748299319728,250,4.0646258503401365,1.965986394557823,6
83,15.476190476190476,7.142857142857142,10.714285714285714,231,4.2896825396825395,2.142857142857143,6
84,22.393822393822393,7.722007722007722,14.285714285714285,233,3.9575289575289574,2.1776061776061777,6
85,24.8062015503876,8.527131782945736,19.767441860465116,233,4.275193798449612,2.2713178294573644,6
86,17.105263157894736,12.280701754385964,17.543859649122805,175,4.192982456140351,1.956140350877193,6
87,37.27544910179641,12.275449101796406,32.33532934131736,571,2.681137724550898,0.5898203592814372,6
88,27.759197324414714,7.357859531772576,17.391304347826086,278,4.173913043478261,1.8862876254180603,6
89,28.125,8.333333333333332,19.375,430,3.5541666666666667,1.5395833333333333,6
99,22.5130890052356,20.418848167539267,23.82198952879581,343,3.5445026178010473,1.6884816753926701,8
100,22.330097087378643,17.475728155339805,18.932038834951456,380,3.5145631067961167,1.75,8
101,20.818505338078293,22.419928825622776,26.51245551601423,515,3.316725978647687,1.1476868327402134,8
102,22.63779527559055,14.173228346456693,20.47244094488189,438,3.3149606299212597,1.438976377952756,8
103,18.457300275482094,12.121212121212121,18.181818181818183,324,3.6887052341597797,1.9146005509641872,8
104,28.728070175438596,13.37719298245614,20.833333333333336,378,3.18640350877193,1.4210526315789473,8
105,35.317460317460316,10.515873015873016,25.793650793650798,437,2.742063492063492,1.25,8
106,41.06194690265487,12.212389380530974,28.84955752212389,504,2.4584070796460176,1.2176991150442478,8
107,33.69330453563715,23.542116630669547,34.557235421166304,416,2.352051835853132,1.0950323974082072,8
108,21.73913043478261,16.666666666666664,19.806763285024154,334,2.6231884057971016,1.1256038647342994,8
109,34.174311926605505,18.34862385321101,30.73394495412844,395,2.8325688073394497,1.511467889908257,8
110,22.48062015503876,13.436692506459949,18.34625322997416,346,3.627906976744186,1.8372093023255813,8
111,19.81776765375854,11.161731207289293,16.856492027334852,381,3.65375854214123,1.712984054669704,8
112,29.09090909090909,14.14141414141414,24.04040404040404,446,3.5515151515151517,1.3575757575757577,8
113,30.89005235602094,12.390924956369982,24.43280977312391,536,3.2390924956369984,1.2164048865619546,8
114,23.76395534290271,22.169059011164276,29.665071770334926,585,2.850079744816587,1.0685805422647527,8
115,37.93103448275862,10.494752623688155,30.73463268365817,631,2.742128935532234,1.2563718140929536,8
116,37.105751391465674,11.873840445269018,31.910946196660483,499,2.816326530612245,1.176252319109462,8
117,28.095238095238095,14.523809523809526,28.095238095238095,384,2.55,1.0119047619047619,8
118,34.39153439153439,16.93121693121693,35.18518518518518,354,3.6534391534391535,1.5185185185185186,8
119,20.180722891566266,17.46987951807229,21.385542168674696,294,3.572289156626506,1.3644578313253013,8
120,28.254847645429365,14.958448753462603,24.099722991689752,311,2.844875346260388,1.3074792243767313,8
121,27.450980392156865,16.99346405228758,27.66884531590414,417,2.4640522875816995,1.091503267973856,8
122,20.0,14.864864864864865,21.35135135135135,328,2.8756756756756756,1.1756756756756757,8
123,27.197802197802197,14.285714285714285,21.703296703296704,324,2.947802197802198,1.379120879120879,8
124,30.075187969924812,14.786967418546364,24.31077694235589,383,2.3333333333333335,1.518796992481203,8
125,40.53398058252427,15.53398058252427,35.43689320388349,373,1.825242718446602,1.2111650485436893,8
126,27.011494252873565,12.068965517241379,22.988505747126435,296,2.8189655172413794,1.3074712643678161,8
127,26.53061224489796,18.950437317784257,25.65597667638484,305,3.7317784256559765,1.7084548104956268,8
128,41.318681318681314,19.560439560439562,37.362637362637365,415,2.696703296703297,1.287912087912088,8
129,29.925187032418954,23.940149625935163,34.413965087281795,347,2.506234413965087,1.2443890274314215,8
130,32.05128205128205,7.6923076923076925,24.358974358974358,366,2.5153846153846153,1.3487179487179488,8
131,25.29832935560859,20.52505966587112,26.968973747016705,364,1.7780429594272076,1.107398568019093,8
132,27.309236947791167,18.87550200803213,25.301204819277107,455,3.4457831325301207,1.4497991967871486,9
134,33.02752293577982,8.256880733944955,19.954128440366972,385,3.334862385321101,1.5022935779816513,9
136,31.73076923076923,13.942307692307693,25.961538461538463,335,3.0985576923076925,0.9350961538461539,9
137,38.43478260869565,18.608695652173914,32.34782608695652,520,3.2469565217391305,1.1443478260869566,9
138,29.19254658385093,8.281573498964804,21.532091097308488,418,3.929606625258799,1.6128364389233953,9
139,21.321961620469082,8.315565031982942,21.961620469083158,389,3.6652452025586353,1.4520255863539446,9
141,20.065789473684212,9.539473684210527,18.092105263157894,237,4.088815789473684,1.769736842105263,9
142,30.612244897959183,11.63265306122449,22.448979591836736,410,3.548979591836735,1.4959183673469387,9
143,30.53097345132743,9.070796460176991,22.566371681415927,387,3.1548672566371683,1.3938053097345133,9
144,35.077519379844965,10.852713178294573,22.093023255813954,458,2.881782945736434,1.5290697674418605,9
145,26.72897196261682,9.906542056074766,18.69158878504673,458,3.3401869158878505,1.5457943925233646,9
146,34.40453686200378,13.610586011342155,24.196597353497165,472,3.389413988657845,1.4102079395085065,9
147,40.0,8.155339805825243,22.330097087378643,442,2.9514563106796117,1.5689320388349515,9
148,38.41463414634146,12.398373983739837,29.878048780487802,426,2.619918699186992,1.6565040650406504,9
150,35.14211886304909,11.369509043927648,26.873385012919897,298,3.0749354005167957,0.9767441860465116,9
151,34.195402298850574,17.52873563218391,35.05747126436782,302,2.5229885057471266,1.1752873563218391,9
152,40.27993779160187,14.618973561430792,31.259720062208395,575,2.4712286158631414,1.1368584758942457,9
153,40.69097888675624,13.43570057581574,31.861804222648754,446,1.9404990403071016,1.2399232245681382,9
154,39.01996370235935,15.063520871143377,31.03448275862069,450,1.7295825771324864,1.1361161524500907,9
155,37.54716981132076,19.056603773584907,29.056603773584904,444,1.8754716981132076,1.1679245283018869,9
156,33.60433604336043,10.29810298102981,25.203252032520325,315,2.18970189701897,1.4173441734417345,9
157,27.77777777777778,9.920634920634921,21.825396825396826,211,3.3293650793650795,1.8412698412698412,9
159,42.350746268656714,12.5,27.985074626865668,482,2.4776119402985075,1.2220149253731343,9
160,35.283363802559414,17.73308957952468,29.250457038391225,451,2.1078610603290677,1.363802559414991,9
161,34.46088794926004,11.416490486257928,21.56448202959831,421,3.050739957716702,1.839323467230444,9
162,33.89473684210526,16.210526315789473,28.421052631578945,402,2.303157894736842,1.743157894736842,9
163,33.92857142857143,9.151785714285714,26.5625,341,2.1986607142857144,1.7254464285714286,9
164,26.68711656441718,16.56441717791411,24.233128834355828,258,3.2975460122699385,1.969325153374233,9
165,42.74611398963731,17.357512953367877,33.93782383419689,358,2.411917098445596,1.7098445595854923,9
166,37.43455497382199,21.98952879581152,37.43455497382199,344,2.761780104712042,1.6230366492146597,9
167,39.416058394160586,16.423357664233578,31.569343065693428,470,2.009124087591241,1.5364963503649636,9
168,42.76315789473684,18.421052631578945,33.33333333333333,404,2.4978070175438596,1.730263157894737,9
169,37.05179282868526,21.314741035856574,30.87649402390438,443,2.3745019920318726,1.5398406374501992,9
170,43.42105263157895,20.175438596491226,44.29824561403509,389,1.7324561403508771,1.1973684210526316,9
171,39.909297052154194,19.954648526077097,36.961451247165535,370,1.7777777777777777,1.344671201814059,9
172,44.07158836689038,15.436241610738255,34.45190156599553,380,1.9440715883668904,1.4272930648769575,9
173,30.373831775700932,9.11214953271028,25.233644859813083,374,2.2850467289719627,1.794392523364486,9
174,32.510288065843625,14.814814814814813,30.04115226337449,394,1.9506172839506173,1.2654320987654322,9
175,30.474040632054177,11.512415349887133,26.86230248306998,352,2.2415349887133185,1.6772009029345372,9
176,33.33333333333333,14.14141414141414,26.262626262626267,398,1.9373737373737374,1.1272727272727272,9
177,26.71232876712329,10.50228310502283,24.200913242009133,374,2.625570776255708,1.8904109589041096,9
178,25.935828877005346,14.705882352941178,24.598930481283425,313,2.2032085561497325,2.0106951871657754,9
180,41.87779433681073,11.624441132637854,31.74366616989568,544,1.6274217585692996,0.6065573770491803,9
181,44.490934449093444,17.573221757322173,36.40167364016737,627,1.6694560669456067,0.6541143654114365,9
182,35.78947368421053,19.69924812030075,32.78195488721805,577,2.031578947368421,0.6917293233082706,9
183,39.46830265848671,10.633946830265849,25.357873210633947,418,2.210633946830266,1.165644171779141,9
184,33.75796178343949,20.541401273885352,33.917197452229296,573,2.1926751592356686,0.8535031847133758,9
185,32.16374269005848,20.857699805068226,36.06237816764132,457,2.4951267056530213,1.3664717348927875,9
186,37.84860557768924,16.93227091633466,32.07171314741036,452,2.239043824701195,1.250996015936255,9
187,34.46808510638298,18.085106382978726,32.5531914893617,404,2.4063829787234043,1.402127659574468,9
188,25.442477876106196,19.24778761061947,29.867256637168143,389,2.725663716814159,1.5995575221238938,9
189,27.2552783109405,20.92130518234165,33.397312859884835,450,2.412667946257198,1.3723608445297504,9
190,30.917874396135264,22.705314009661837,34.78260869565217,350,2.8768115942028984,1.7681159420289856,9
191,28.240740740740737,11.574074074074074,23.61111111111111,360,2.5,1.9861111111111112,9
192,23.036649214659686,17.015706806282722,28.01047120418848,345,2.667539267015707,1.8141361256544504,9
193,41.253263707571804,20.10443864229765,40.73107049608355,358,2.368146214099217,1.5822454308093994,9
194,37.096774193548384,13.508064516129032,28.830645161290324,459,2.657258064516129,1.9435483870967742,9
195,34.851936218678816,21.867881548974943,35.079726651480634,400,2.211845102505695,1.9043280182232347,9
196,32.79022403258656,14.052953156822811,25.661914460285136,424,2.389002036659878,1.7087576374745417,9
197,33.160621761658035,17.357512953367877,34.715025906735754,360,3.1010362694300517,1.9896373056994818,9
198,36.71328671328671,7.8671328671328675,23.076923076923077,491,2.4195804195804196,1.7604895104895104,9
199,36.622807017543856,10.307017543859649,23.684210526315788,378,2.2609649122807016,1.7017543859649122,9
200,34.34343434343434,21.818181818181817,40.80808080808081,437,1.903030303030303,1.5676767676767678,9
201,43.07992202729044,12.670565302144249,27.680311890838205,453,2.405458089668616,1.4152046783625731,9
202,38.737201365187715,15.699658703071673,30.887372013651877,492,2.324232081911263,1.098976109215017,9
203,36.7112810707457,10.51625239005736,26.003824091778206,431,1.661567877629063,0.9923518164435946,10
204,41.36212624584717,14.285714285714285,32.89036544850498,511,1.8438538205980066,0.9102990033222591,10
205,29.195402298850574,28.735632183908045,36.55172413793103,366,1.6436781609195403,0.7793103448275862,10
206,44.5,13.0,34.0,496,1.7816666666666667,1.05,10
207,38.15513626834382,15.09433962264151,32.28511530398323,417,1.6603773584905661,1.0062893081761006,10
208,36.779911373707534,22.008862629246675,39.438700147710485,596,1.3175775480059084,0.9231905465288035,10
209,42.53333333333333,20.266666666666666,42.13333333333333,636,1.4133333333333333,0.8146666666666667,10
210,32.098765432098766,19.929453262786595,34.74426807760141,472,1.6349206349206349,0.7425044091710759,10
211,36.81672025723473,21.061093247588424,39.71061093247588,516,1.4533762057877813,0.8118971061093248,10
212,35.45454545454545,19.090909090909093,39.63636363636363,450,1.5327272727272727,0.8854545454545455,10
213,41.31147540983607,17.704918032786885,38.52459016393443,538,1.278688524590164,0.9590163934426229,10
214,40.06677796327212,17.028380634390654,36.56093489148581,504,1.4340567612687813,0.7512520868113522,10
215,41.04627766599598,16.901408450704224,35.412474849094565,443,1.778672032193159,0.8390342052313883,10
216,37.93774319066148,18.09338521400778,32.490272373540854,452,1.8171206225680934,1.2334630350194553,10
217,31.67701863354037,18.84057971014493,27.536231884057973,432,2.130434782608696,1.2939958592132506,10
218,30.44496487119438,14.05152224824356,26.229508196721312,347,2.3185011709601873,1.414519906323185,10
219,31.693989071038253,23.497267759562842,38.069216757741344,456,1.95264116575592,1.2495446265938068,10
220,31.952662721893493,16.765285996055226,33.72781065088758,426,1.95069033530572,1.2169625246548323,10
221,38.68613138686132,18.065693430656935,37.95620437956204,483,1.655109489051095,1.0912408759124088,10
222,33.391915641476274,19.15641476274165,32.86467486818981,493,1.866432337434095,1.2302284710017575,10
223,31.181318681318682,21.291208791208792,33.379120879120876,627,1.6593406593406594,0.8873626373626373,10
224,34.81349911190053,19.538188277087034,36.9449378330373,498,2.0905861456483126,1.1722912966252221,10
225,41.55339805825243,23.689320388349515,42.33009708737864,462,1.6776699029126214,1.0718446601941747,10
226,32.66423357664234,22.26277372262774,35.21897810218978,485,2.3138686131386863,1.3594890510948905,10
227,39.26282051282051,23.23717948717949,41.66666666666667,568,2.0080128205128207,1.0,10
228,46.415770609319,13.620071684587815,33.87096774193548,485,2.021505376344086,0.9767025089605734,10
229,37.5,23.134328358208954,41.417910447761194,473,2.2257462686567164,0.9347014925373134,10
230,30.434782608695656,22.883295194508012,35.24027459954233,384,2.4988558352402745,1.0983981693363845,10
231,36.63003663003663,27.655677655677657,41.02564102564102,490,2.0714285714285716,1.1025641025641026,10
232,34.71698113207547,29.245283018867923,42.26415094339623,469,2.260377358490566,1.3150943396226416,10
233,40.18018018018018,22.882882882882882,42.7027027027027,493,1.962162162162162,1.3297297297297297,10
234,35.660377358490564,24.528301886792452,39.05660377358491,459,2.5056603773584905,1.5716981132075472,10
235,38.23529411764706,28.823529411764703,46.470588235294116,466,2.0784313725490198,1.3666666666666667,10
236,42.60700389105058,20.428015564202333,39.10505836575876,458,1.9805447470817121,1.0797665369649805,10
237,46.35036496350365,15.328467153284672,34.67153284671533,504,2.136861313868613,1.1624087591240877,10
238,39.27986906710311,18.16693944353519,35.188216039279865,546,1.7888707037643208,0.9427168576104746,10
239,37.524177949709866,32.688588007736946,48.35589941972921,467,1.9671179883945842,1.056092843326886,10
240,39.00709219858156,31.73758865248227,48.04964539007092,494,1.799645390070922,1.1046099290780143,10
241,22.22222222222222,4.444444444444445,9.444444444444445,155,2.7944444444444443,1.6444444444444444,11
242,25.903614457831324,15.66265060240964,15.66265060240964,159,2.7228915662650603,1.7891566265060241,11
243,27.06766917293233,6.015037593984962,9.022556390977442,122,2.8947368421052633,1.8721804511278195,11
244,10.638297872340425,8.51063829787234,8.51063829787234,94,3.2907801418439715,2.0354609929078014,11
245,28.31541218637993,5.734767025089606,7.885304659498208,256,3.204301075268817,1.1971326164874552,12
246,21.67487684729064,19.704433497536947,15.270935960591133,188,3.3399014778325125,1.458128078817734,12
247,32.1608040201005,14.07035175879397,12.311557788944723,361,2.3241206030150754,1.2336683417085428,12
248,22.333333333333332,6.666666666666667,11.0,261,3.3333333333333335,1.8266666666666667,12
249,36.31436314363143,9.75609756097561,17.615176151761517,348,2.035230352303523,1.5230352303523036,12
252,27.67857142857143,10.267857142857142,11.607142857142858,200,2.2410714285714284,1.7946428571428572,12
253,22.475570032573287,15.63517915309446,22.149837133550488,292,2.270358306188925,1.5309446254071661,12
255,29.86425339366516,10.407239819004525,7.6923076923076925,210,2.6425339366515836,1.7782805429864252,12
257,16.33663366336634,15.841584158415841,15.841584158415841,189,2.495049504950495,1.7871287128712872,12
258,12.359550561797752,7.116104868913857,9.363295880149813,258,2.6704119850187267,1.7677902621722847,12
260,22.831050228310502,12.32876712328767,15.068493150684931,207,1.9543378995433789,1.4703196347031964,12
261,35.62753036437247,6.882591093117409,23.88663967611336,237,1.465587044534413,1.3441295546558705,13
262,32.38095238095238,12.380952380952381,25.238095238095237,201,2.519047619047619,1.9666666666666666,13
263,44.166666666666664,27.500000000000004,45.416666666666664,228,1.875,1.7791666666666666,13
264,22.727272727272727,19.886363636363637,21.022727272727273,167,2.3806818181818183,1.8693181818181819,13
265,24.324324324324326,20.27027027027027,24.324324324324326,199,3.2432432432432434,1.8063063063063063,13
266,26.198083067092654,9.904153354632587,14.696485623003195,289,1.7220447284345048,1.7252396166134185,13
267,33.33333333333333,23.155216284987276,31.806615776081426,362,1.5877862595419847,1.5623409669211197,13
268,32.590529247910865,20.055710306406684,25.348189415041784,336,1.5933147632311977,1.5487465181058495,13
269,35.50295857988166,9.763313609467456,25.443786982248522,302,1.4112426035502958,1.4112426035502958,13
270,28.717948717948715,22.564102564102566,22.564102564102566,185,2.825641025641026,2.128205128205128,13
271,31.75487465181058,8.07799442896936,18.662952646239557,332,1.7966573816155988,1.5153203342618384,13
272,23.42995169082126,11.594202898550725,12.318840579710146,389,2.0845410628019323,1.6280193236714975,14
273,24.6684350132626,9.814323607427056,18.56763925729443,348,1.5835543766578248,1.572944297082228,14
274,22.843822843822846,12.121212121212121,10.256410256410255,402,2.233100233100233,1.6923076923076923,14
275,14.374999999999998,6.875000000000001,10.9375,294,2.4375,1.878125,14
276,29.649595687331537,7.816711590296496,14.016172506738545,351,2.549865229110512,1.889487870619946,14
277,14.799999999999999,8.4,9.6,237,3.232,2.148,14
278,17.034700315457414,10.410094637223976,13.249211356466878,285,2.6813880126182967,1.9369085173501577,14
279,25.188916876574307,9.82367758186398,13.602015113350127,358,1.5390428211586902,1.853904282115869,14
280,31.142857142857146,6.857142857142858,11.428571428571429,323,2.388571428571429,1.6828571428571428,14
281,26.537216828478964,7.443365695792881,13.915857605177994,299,2.605177993527508,1.6051779935275081,15
282,32.16374269005848,9.649122807017543,13.157894736842104,327,3.111111111111111,1.7514619883040936,15
283,19.52191235059761,5.179282868525896,7.171314741035857,202,3.9800796812749004,2.00398406374502,15
284,25.957446808510635,11.063829787234042,12.76595744680851,220,3.157446808510638,1.8893617021276596,15
285,30.434782608695656,7.142857142857142,13.354037267080745,307,3.2732919254658386,1.9751552795031055,15
286,25.333333333333336,9.333333333333334,10.666666666666668,217,3.2666666666666666,1.8488888888888888,15
287,29.42643391521197,13.96508728179551,15.710723192019952,354,2.2992518703241895,1.3491271820448878,15
288,40.37940379403794,7.046070460704606,16.802168021680217,333,2.953929539295393,1.8373983739837398,15
291,42.27129337539432,14.511041009463725,26.18296529968454,296,1.662460567823344,1.4794952681388012,16
295,29.375,17.1875,20.625,310,1.875,1.565625,17
297,40.115440115440116,16.161616161616163,26.695526695526695,651,1.759018759018759,1.3896103896103895,17
298,39.48497854077253,9.012875536480687,21.244635193133046,402,2.0214592274678114,1.5600858369098713,17
300,29.721362229102166,17.027863777089784,32.19814241486068,271,1.931888544891641,1.5046439628482973,18
302,36.227544910179645,20.958083832335326,33.83233532934132,311,1.8353293413173652,1.5119760479041917,18
303,27.323943661971832,17.464788732394364,25.352112676056336,324,1.884507042253521,1.676056338028169,18
304,38.582677165354326,14.435695538057743,29.396325459317584,343,1.6666666666666667,1.5065616797900263,18
307,36.78571428571429,16.785714285714285,33.214285714285715,265,2.039285714285714,1.7035714285714285,18
308,33.55263157894737,15.789473684210526,23.684210526315788,272,1.625,1.6513157894736843,18
309,28.975265017667844,19.081272084805654,29.328621908127207,253,2.035335689045936,1.3109540636042403,18
310,25.63176895306859,19.494584837545126,31.046931407942242,259,2.216606498194946,1.5631768953068592,18
313,24.675324675324674,16.883116883116884,24.675324675324674,210,1.9047619047619047,1.5844155844155845,18
315,28.286852589641438,21.115537848605577,21.115537848605577,231,2.0239043824701195,1.7569721115537849,18
316,26.463104325699742,26.717557251908396,35.6234096692112,366,1.7608142493638677,1.5877862595419847,18
317,26.53927813163482,41.18895966029724,50.530785562632694,439,1.6284501061571126,1.4904458598726114,18
318,37.52711496746204,19.088937093275486,37.52711496746204,405,1.6030368763557483,1.5683297180043383,18
319,39.75155279503105,18.012422360248447,33.85093167701863,276,1.9906832298136645,1.5372670807453417,18
320,39.0092879256966,17.3374613003096,38.080495356037154,293,1.7678018575851393,1.5077399380804954,18
321,18.045112781954884,12.406015037593985,17.669172932330827,228,2.308270676691729,1.6842105263157894,18
322,22.815533980582526,16.990291262135923,24.75728155339806,182,3.2766990291262137,1.9466019417475728,18
323,25.475285171102662,14.44866920152091,25.475285171102662,245,2.140684410646388,1.8365019011406845,18
324,37.960339943342774,14.730878186968837,32.01133144475921,320,1.8611898016997168,1.679886685552408,18
325,38.12316715542522,22.87390029325513,29.91202346041056,307,1.715542521994135,1.4897360703812317,18
326,30.215827338129497,18.705035971223023,30.215827338129497,250,1.669064748201439,1.4928057553956835,18
327,32.340425531914896,19.574468085106382,31.06382978723404,214,2.617021276595745,1.7531914893617022,19
328,27.27272727272727,16.115702479338843,24.380165289256198,225,2.206611570247934,1.7396694214876034,19
329,27.500000000000004,15.625,21.5625,296,1.921875,1.85,19
330,42.25,15.0,30.75,372,1.8025,1.36,19
331,31.27147766323024,21.649484536082475,29.553264604810998,278,1.8419243986254294,1.8075601374570447,19
332,37.28395061728395,17.530864197530864,32.592592592592595,376,2.0148148148148146,1.5333333333333334,19
333,36.97916666666667,14.84375,30.989583333333332,355,1.9166666666666667,1.6041666666666667,19
334,33.88429752066116,23.140495867768596,40.22038567493113,334,1.7685950413223142,1.581267217630854,19
336,24.528301886792452,16.037735849056602,23.11320754716981,199,2.259433962264151,1.9386792452830188,19
337,31.57894736842105,12.955465587044534,23.076923076923077,241,2.8582995951417005,1.9797570850202428,19
338,27.27272727272727,18.660287081339714,32.057416267942585,199,2.574162679425837,1.9186602870813396,19
339,25.6198347107438,21.074380165289256,32.64462809917356,201,1.6611570247933884,1.4958677685950412,19
340,34.82428115015975,26.837060702875398,44.72843450479233,288,1.5271565495207668,1.3674121405750799,19
341,26.923076923076923,18.37606837606838,26.495726495726498,219,2.9145299145299144,1.8675213675213675,19
342,24.137931034482758,24.82758620689655,31.724137931034484,123,3.6344827586206896,1.9724137931034482,19
343,33.22147651006711,17.78523489932886,30.201342281879196,266,2.0503355704697985,1.7147651006711409,19
344,27.697841726618705,26.978417266187048,36.69064748201439,242,1.6762589928057554,1.6762589928057554,19
345,21.96078431372549,13.333333333333334,26.666666666666668,223,1.815686274509804,1.776470588235294,19
346,42.72930648769575,17.002237136465325,36.46532438478747,402,1.516778523489933,1.5771812080536913,20
347,36.1328125,14.84375,33.984375,442,1.65234375,1.291015625,20
348,31.5018315018315,15.567765567765568,28.205128205128204,485,2.2967032967032965,1.6593406593406594,20
349,27.682403433476395,23.390557939914164,30.472103004291846,402,2.0214592274678114,1.407725321888412,20
350,36.63967611336032,15.384615384615385,32.59109311740891,433,1.722672064777328,1.1417004048582995,20
351,33.57664233576642,20.68126520681265,35.523114355231144,344,1.6642335766423357,1.0218978102189782,20
352,42.5414364640884,17.12707182320442,39.41068139963168,473,1.4604051565377532,0.8802946593001841,20
353,45.15418502202643,20.484581497797357,45.37444933920705,404,1.475770925110132,1.0837004405286343,20
354,25.27777777777778,13.333333333333334,24.444444444444443,331,2.686111111111111,1.7083333333333333,20
355,32.121212121212125,18.484848484848484,30.0,296,2.621212121212121,1.8484848484848484,20
356,39.577836411609496,24.010554089709764,41.16094986807388,366,1.8812664907651715,1.5092348284960422,20
357,31.768953068592058,24.548736462093864,37.545126353790614,253,2.8014440433212995,1.6895306859205776,20
358,38.951310861423224,16.479400749063668,33.52059925093633,479,1.7546816479400749,1.548689138576779,20
359,37.659574468085104,18.085106382978726,37.234042553191486,438,1.3468085106382979,1.2468085106382978,20
360,31.417624521072796,13.218390804597702,27.39463601532567,427,2.256704980842912,1.71455938697318,20
361,31.33514986376022,21.25340599455041,32.42506811989101,332,2.4005449591280654,1.8392370572207084,20
362,33.7696335078534,24.60732984293194,40.83769633507853,342,1.4450261780104712,1.2225130890052356,20
363,34.0,18.285714285714285,38.57142857142858,284,1.6457142857142857,1.302857142857143,20
364,24.085365853658537,24.695121951219512,37.80487804878049,288,2.591463414634146,1.7621951219512195,20
365,34.868421052631575,25.986842105263158,42.10526315789473,276,1.4144736842105263,1.332236842105263,20
366,34.65346534653465,17.574257425742573,35.396039603960396,353,1.4084158415841583,1.3391089108910892,20
367,38.642297650130544,19.5822454308094,34.46475195822455,346,1.3080939947780679,1.3028720626631853,20
368,54.37100213219617,27.718550106609808,57.782515991471215,429,1.2281449893390193,0.7633262260127932,20
369,35.23809523809524,26.031746031746035,42.53968253968254,272,1.9015873015873015,1.3968253968253967,20
370,37.117903930131,16.593886462882097,28.82096069868996,218,2.3799126637554586,1.8034934497816595,21
371,25.0,15.0,24.5,183,2.795,1.92,21
372,37.99126637554585,23.580786026200872,34.49781659388647,212,2.2707423580786026,1.8122270742358078,21
373,25.40983606557377,23.36065573770492,30.737704918032787,214,1.8319672131147542,1.5040983606557377,21
374,27.488151658767773,17.061611374407583,29.383886255924168,174,2.071090047393365,1.5118483412322274,21
375,33.23529411764706,22.058823529411764,35.0,310,1.7411764705882353,1.1764705882352942,21
376,34.602076124567475,24.91349480968858,41.86851211072664,264,1.453287197231834,1.3217993079584776,21
377,22.48995983935743,13.654618473895583,21.285140562248998,231,2.2208835341365463,1.8353413654618473,21
378,28.187919463087248,13.422818791946309,25.838926174496645,262,2.0738255033557045,1.721476510067114,21
379,23.829787234042556,5.957446808510639,15.319148936170212,204,2.4127659574468083,1.902127659574468,21
380,12.5,9.895833333333332,10.9375,184,2.6197916666666665,2.0,21
381,19.3717277486911,13.612565445026178,18.32460732984293,180,2.968586387434555,1.942408376963351,21
382,23.026315789473685,14.473684210526317,19.736842105263158,274,2.3782894736842106,1.700657894736842,21
383,30.70539419087137,19.91701244813278,28.63070539419087,219,2.228215767634855,1.7883817427385893,21
384,26.642335766423358,22.99270072992701,29.1970802919708,255,2.4160583941605838,1.7919708029197081,21
385,19.367588932806324,10.276679841897234,19.76284584980237,247,2.6205533596837944,1.9130434782608696,21
386,15.899581589958158,11.715481171548117,15.481171548117153,212,3.1255230125523012,1.9372384937238494,21
387,13.063063063063062,8.558558558558559,10.81081081081081,209,2.9234234234234235,2.0045045045045047,21
388,21.548821548821547,9.090909090909092,16.835016835016837,268,3.0437710437710437,1.7239057239057238,21
389,40.74074074074074,14.47811447811448,32.659932659932664,272,1.9124579124579124,1.1414141414141414,21
390,32.01058201058201,20.37037037037037,33.5978835978836,353,1.746031746031746,1.2566137566137565,21
391,34.64285714285714,18.928571428571427,36.42857142857142,264,2.182142857142857,1.6928571428571428,21
392,27.242524916943523,23.25581395348837,32.22591362126246,277,2.6511627906976742,1.8837209302325582,21
393,30.107526881720432,22.22222222222222,35.12544802867383,256,2.4050179211469533,1.6774193548387097,21
394,40.37854889589905,16.40378548895899,36.27760252365931,291,1.889589905362776,1.2933753943217665,21
395,29.746835443037973,16.455696202531644,31.645569620253166,296,1.9145569620253164,1.2215189873417722,21
396,40.89709762532981,15.03957783641161,37.994722955145114,352,1.7572559366754616,0.7757255936675461,21
397,40.7488986784141,22.026431718061673,42.731277533039645,413,1.5308370044052864,0.8149779735682819,21
398,39.93993993993994,14.414414414414415,31.53153153153153,307,1.6876876876876876,0.6216216216216216,21
399,39.689578713968956,17.29490022172949,37.6940133037694,397,1.434589800443459,0.5898004434589801,21
400,26.80722891566265,14.457831325301203,26.20481927710843,286,2.144578313253012,1.7228915662650603,22
402,32.035928143712574,15.269461077844312,29.64071856287425,302,1.592814371257485,1.658682634730539,22
403,34.39716312056738,13.47517730496454,25.177304964539005,258,2.4148936170212765,1.6950354609929077,22
404,26.171875,11.71875,22.265625,194,2.3359375,1.62890625,22
405,27.61904761904762,19.682539682539684,26.666666666666668,272,2.6222222222222222,1.7809523809523808,22
407,34.40514469453376,9.967845659163988,25.723472668810288,291,2.395498392282958,1.504823151125402,22
408,26.027397260273972,17.465753424657535,28.767123287671232,266,2.6575342465753424,1.832191780821918,22
411,33.098591549295776,11.971830985915492,23.591549295774648,256,2.3943661971830985,1.676056338028169,22
412,28.030303030303028,15.530303030303031,28.030303030303028,238,2.9318181818181817,1.9128787878787878,22
413,22.22222222222222,21.296296296296298,34.25925925925926,195,2.2222222222222223,1.6342592592592593,22
415,40.804597701149426,20.689655172413794,37.64367816091954,314,1.6206896551724137,0.8793103448275862,22
417,46.92307692307692,17.435897435897434,41.794871794871796,339,1.4205128205128206,0.7846153846153846,22
418,38.716814159292035,13.716814159292035,32.9646017699115,382,1.829646017699115,0.9911504424778761,23
419,33.68200836820084,8.368200836820083,24.89539748953975,399,2.6820083682008367,1.5711297071129706,23
420,28.225806451612907,10.75268817204301,25.806451612903224,318,2.817204301075269,1.6908602150537635,23
421,33.82352941176471,9.705882352941178,27.941176470588236,281,3.5617647058823527,1.7588235294117647,23
422,32.41379310344827,14.482758620689657,25.862068965517242,253,2.6379310344827585,1.717241379310345,23
423,33.23262839879154,15.709969788519636,31.722054380664655,268,2.1812688821752264,1.365558912386707,23
424,20.0,14.444444444444443,24.444444444444443,129,2.533333333333333,1.6611111111111112,23
425,38.04347826086957,15.217391304347828,30.16304347826087,309,2.2635869565217392,1.3858695652173914,23
426,37.971014492753625,19.130434782608695,33.6231884057971,290,1.8608695652173912,1.5246376811594202,23
427,35.58897243107769,13.032581453634084,30.576441102756892,336,2.238095238095238,1.7644110275689222,23
428,34.62603878116344,13.019390581717452,27.977839335180054,303,1.919667590027701,1.6481994459833795,23
429,44.39252336448598,15.42056074766355,28.971962616822427,184,1.9906542056074767,1.658878504672897,23
430,32.189973614775724,15.03957783641161,27.70448548812665,327,1.8021108179419525,1.4432717678100264,23
431,40.30769230769231,12.615384615384615,33.84615384615385,291,1.9076923076923078,1.6153846153846154,23
432,30.17241379310345,12.068965517241379,25.57471264367816,319,3.1063218390804597,1.617816091954023,23
433,26.262626262626267,11.447811447811448,19.865319865319865,255,2.791245791245791,1.4276094276094276,23
434,26.923076923076923,14.615384615384617,26.666666666666668,354,2.6717948717948716,1.3333333333333333,23
435,29.780564263322884,24.45141065830721,32.288401253918494,275,3.050156739811912,1.5830721003134796,23
437,30.50314465408805,16.037735849056602,26.10062893081761,262,2.7169811320754715,1.7358490566037736,23
438,28.054298642533936,21.71945701357466,31.221719457013574,203,2.416289592760181,1.3574660633484164,23
439,26.666666666666668,20.0,23.666666666666668,284,3.85,1.8966666666666667,23
440,27.485380116959064,23.976608187134502,40.93567251461988,296,2.9502923976608186,1.2953216374269005,23
441,42.66666666666667,17.142857142857142,38.857142857142854,482,2.1028571428571428,0.9752380952380952,23
442,24.705882352941178,19.411764705882355,23.823529411764703,299,2.070588235294118,1.2558823529411764,23
443,31.93717277486911,14.136125654450263,30.104712041884817,336,2.4214659685863875,1.4607329842931938,23
444,14.85148514851485,14.85148514851485,22.772277227722775,73,3.2475247524752477,1.693069306930693,23
445,17.404129793510325,15.634218289085547,22.418879056047196,266,2.533923303834808,1.6342182890855457,23
446,16.528925619834713,14.049586776859504,14.87603305785124,84,2.190082644628099,1.5950413223140496,23
447,27.40963855421687,19.27710843373494,28.313253012048197,298,1.9909638554216869,1.6656626506024097,23
448,33.83233532934132,23.952095808383234,31.137724550898206,292,2.6197604790419162,1.5718562874251496,23
449,26.959247648902824,13.793103448275861,21.316614420062695,240,2.5360501567398117,1.786833855799373,23
450,44.25531914893617,20.0,40.85106382978723,206,1.9489361702127659,1.6382978723404256,23
451,14.035087719298245,22.807017543859647,26.31578947368421,46,2.456140350877193,1.8771929824561404,23
452,28.774928774928775,17.094017094017094,25.071225071225072,307,2.467236467236467,1.8005698005698005,23
453,34.61538461538461,14.497041420118343,30.76923076923077,301,1.5118343195266273,1.7396449704142012,23
454,28.706624605678233,13.880126182965299,29.652996845425868,280,1.9905362776025237,1.7381703470031546,23
455,19.33085501858736,14.49814126394052,26.765799256505574,223,2.379182156133829,1.8550185873605949,23
456,20.0,18.688524590163937,27.21311475409836,264,2.036065573770492,1.901639344262295,23
457,34.38914027149321,17.194570135746606,37.55656108597285,180,2.0361990950226243,1.832579185520362,23
458,28.406466512702078,9.930715935334874,22.632794457274827,399,2.3602771362586603,1.2494226327944573,23
459,26.993865030674847,16.257668711656443,26.993865030674847,269,2.1349693251533743,1.4478527607361964,23
460,37.05035971223021,17.985611510791365,33.45323741007194,233,1.7985611510791366,1.7625899280575539,23
461,21.666666666666668,15.0,27.333333333333332,264,1.9566666666666668,1.8133333333333332,23
462,35.08353221957041,14.558472553699284,29.355608591885442,375,1.7875894988066825,1.639618138424821,23
463,27.125506072874494,17.408906882591094,26.31578947368421,183,1.9190283400809716,1.4979757085020242,23
464,45.47325102880658,16.872427983539097,38.88888888888889,449,1.5720164609053497,0.7839506172839507,23
465,32.142857142857146,14.508928571428573,30.580357142857146,414,1.7008928571428572,0.6316964285714286,23
466,26.875,15.625,27.500000000000004,112,2.40625,1.25,23
467,34.1025641025641,22.564102564102566,42.56410256410256,341,2.7846153846153845,1.323076923076923,23
468,33.714285714285715,18.0,30.571428571428573,322,3.52,1.2885714285714285,24
469,32.92978208232446,21.791767554479417,37.77239709443099,347,2.401937046004843,1.1937046004842615,24
470,44.642857142857146,18.154761904761905,38.095238095238095,297,2.9613095238095237,1.3333333333333333,24
471,26.521739130434785,23.91304347826087,36.52173913043478,204,3.0217391304347827,1.6391304347826088,24
473,32.06751054852321,25.31645569620253,38.39662447257383,200,3.5443037974683542,1.7341772151898733,24
478,16.46586345381526,18.473895582329316,24.096385542168676,227,3.7028112449799195,1.6666666666666667,24
480,28.915662650602407,18.87550200803213,25.702811244979916,210,3.3373493975903616,1.5943775100401607,24
482,33.21799307958477,24.91349480968858,42.21453287197232,258,3.2145328719723185,1.7301038062283738,24
485,49.69818913480885,23.943661971830984,49.49698189134809,446,1.6740442655935615,1.0824949698189135,24
487,45.07936507936508,21.58730158730159,51.11111111111111,296,2.057142857142857,1.403174603174603,24
488,35.08064516129033,20.161290322580644,38.70967741935484,207,3.278225806451613,1.7943548387096775,24
489,36.024844720496894,35.714285714285715,51.24223602484472,305,1.906832298136646,1.450310559006211,24
490,34.87394957983193,25.210084033613445,42.016806722689076,226,3.2815126050420167,2.0672268907563027,24
491,34.49367088607595,23.10126582278481,33.54430379746836,299,3.028481012658228,1.768987341772152,24
492,32.8125,24.21875,31.25,234,4.078125,1.8359375,24
493,39.166666666666664,32.5,49.166666666666664,228,2.3,1.6416666666666666,24
494,31.858407079646017,15.04424778761062,27.43362831858407,204,4.106194690265487,1.9867256637168142,25
495,25.570776255707763,22.37442922374429,28.31050228310502,189,3.643835616438356,1.7534246575342465,25
496,37.42857142857143,18.857142857142858,38.0,317,2.7457142857142856,1.5771428571428572,25
497,39.11845730027548,24.793388429752067,50.13774104683195,309,1.9944903581267217,1.1707988980716253,27
498,34.626865671641795,33.134328358208954,40.8955223880597,295,2.683582089552239,1.48955223880597,27
499,30.03533568904594,24.73498233215548,31.802120141342755,241,3.204946996466431,1.8445229681978799,27
500,40.282685512367486,26.855123674911663,44.16961130742049,254,2.9752650176678443,1.8657243816254416,27
501,28.846153846153843,25.549450549450547,28.846153846153843,327,3.478021978021978,2.0824175824175826,27
502,32.323232323232325,27.27272727272727,36.02693602693603,267,2.7777777777777777,1.8451178451178452,27
503,27.11267605633803,24.295774647887324,36.61971830985916,263,3.176056338028169,2.0528169014084505,27
504,24.880382775119617,24.401913875598087,29.1866028708134,195,3.511961722488038,2.1291866028708135,27
505,23.868312757201647,27.983539094650205,31.275720164609055,220,4.205761316872428,2.3415637860082303,27
506,28.991596638655466,24.369747899159663,31.932773109243694,223,3.130252100840336,2.1176470588235294,27
507,33.47639484978541,21.030042918454935,34.33476394849785,211,3.0128755364806867,2.11587982832618,27
508,31.914893617021278,26.80851063829787,33.61702127659574,215,2.519148936170213,1.7914893617021277,27
509,32.5242718446602,31.55339805825243,42.71844660194174,178,3.29126213592233,2.1067961165048543,27
510,33.85826771653544,24.015748031496063,36.61417322834646,229,2.9291338582677167,1.9606299212598426,27
511,32.075471698113205,16.9811320754717,32.075471698113205,287,2.8647798742138364,1.6886792452830188,27
512,34.31085043988269,22.58064516129032,36.070381231671554,309,2.8533724340175954,1.8651026392961876,27
513,29.396984924623116,17.33668341708543,33.165829145728644,311,2.8819095477386933,1.693467336683417,27
514,30.573248407643312,16.878980891719745,31.528662420382165,253,2.9012738853503186,1.786624203821656,27
515,27.247191011235955,20.224719101123593,35.1123595505618,283,3.2612359550561796,1.9213483146067416,27
516,37.5366568914956,23.75366568914956,40.469208211143695,301,3.1055718475073313,1.8768328445747802,27
518,22.807017543859647,12.280701754385964,16.666666666666664,72,4.114035087719298,2.1403508771929824,27
519,22.58064516129032,19.35483870967742,25.0,104,4.096774193548387,2.2016129032258065,27
520,32.432432432432435,17.117117117117118,29.72972972972973,206,3.5675675675675675,1.882882882882883,27
521,27.232142857142854,22.767857142857142,28.125,197,3.8035714285714284,2.125,27
522,31.1284046692607,21.78988326848249,38.52140077821012,239,3.3463035019455254,2.0894941634241246,27
523,34.7682119205298,23.178807947019866,32.450331125827816,255,2.8311258278145695,1.8642384105960266,27
524,40.0,16.271186440677965,32.88135593220339,269,3.2576271186440677,1.9627118644067796,27
525,36.14864864864865,15.54054054054054,32.0945945945946,284,3.152027027027027,1.972972972972973,27
526,33.33333333333333,21.238938053097346,30.678466076696164,317,3.017699115044248,1.8436578171091444,27
527,18.64406779661017,17.796610169491526,26.27118644067797,220,3.3940677966101696,2.1610169491525424,27
528,29.375,21.25,27.500000000000004,141,2.93125,2.01875,27
529,27.73722627737226,25.547445255474454,30.656934306569344,125,3.145985401459854,2.0583941605839415,27
530,28.80658436213992,16.049382716049383,30.864197530864196,209,3.4362139917695473,2.1358024691358026,27
531,29.00763358778626,15.267175572519085,24.427480916030532,220,3.6374045801526718,2.2022900763358777,27
542,15.428571428571427,14.857142857142858,17.71428571428571,139,3.2057142857142855,1.9542857142857142,28
543,28.95927601809955,14.93212669683258,25.791855203619914,180,2.8597285067873304,1.7782805429864252,28
544,25.628140703517587,16.08040201005025,27.63819095477387,158,3.3819095477386933,1.8894472361809045,28
545,19.25133689839572,10.695187165775401,19.25133689839572,163,3.2887700534759357,1.946524064171123,28
546,28.57142857142857,10.714285714285714,20.918367346938776,181,3.576530612244898,1.9642857142857142,28
547,26.34730538922156,12.574850299401197,19.760479041916167,146,3.191616766467066,2.0,28
548,19.523809523809526,15.238095238095239,23.333333333333332,174,3.376190476190476,1.8333333333333333,28
549,19.879518072289155,7.228915662650602,22.289156626506024,143,3.4457831325301207,1.6506024096385543,28
550,26.778242677824267,14.644351464435147,25.523012552301257,216,3.2552301255230125,1.782426778242678,28
551,31.15942028985507,13.043478260869565,23.55072463768116,250,3.5652173913043477,1.786231884057971,28
552,45.723684210526315,14.473684210526317,42.43421052631579,276,2.8848684210526314,1.3980263157894737,28
553,31.967213114754102,18.0327868852459,37.295081967213115,226,3.0778688524590163,1.709016393442623,28
554,25.301204819277107,13.253012048192772,25.301204819277107,219,3.0843373493975905,1.9116465863453815,28
555,28.254847645429365,19.113573407202217,33.2409972299169,315,3.005540166204986,1.922437673130194,29
556,44.827586206896555,15.360501567398119,40.12539184952978,296,2.605015673981191,1.7178683385579938,29
557,38.36317135549872,12.531969309462914,32.992327365728904,327,2.60613810741688,1.5524296675191815,29
558,31.619537275064268,18.50899742930591,33.933161953727506,335,2.8200514138817483,1.820051413881748,29
559,34.0,18.666666666666668,36.0,380,2.611111111111111,1.1644444444444444,29
560,41.40845070422535,19.154929577464788,39.718309859154935,303,2.492957746478873,1.5352112676056338,29
561,41.7910447761194,15.522388059701491,37.3134328358209,305,2.626865671641791,1.7164179104477613,29
562,40.15444015444015,15.057915057915059,37.83783783783784,232,3.3474903474903477,2.0193050193050195,29
563,26.26728110599078,19.81566820276498,29.953917050691242,180,3.184331797235023,1.9585253456221199,29
564,22.946175637393768,12.747875354107649,26.628895184135974,270,2.7677053824362607,1.725212464589235,29
565,32.2463768115942,20.28985507246377,32.971014492753625,242,2.858695652173913,1.6123188405797102,29
566,31.372549019607842,14.901960784313726,29.01960784313726,223,2.996078431372549,1.8823529411764706,29
567,30.46594982078853,14.336917562724013,26.523297491039425,220,3.218637992831541,1.982078853046595,29
568,26.984126984126984,19.047619047619047,32.142857142857146,231,3.4404761904761907,2.0674603174603177,29
569,19.696969696969695,15.909090909090908,19.318181818181817,234,3.609848484848485,2.234848484848485,29
570,22.58064516129032,19.35483870967742,22.58064516129032,183,3.4055299539170507,2.0737327188940093,29
571,36.708860759493675,9.70464135021097,24.47257383966245,214,3.2742616033755274,2.0928270042194095,29
572,20.994475138121548,12.154696132596685,19.337016574585636,120,4.287292817679558,2.1215469613259668,29
573,22.0125786163522,10.69182389937107,15.09433962264151,136,3.408805031446541,2.2138364779874213,29
574,22.84263959390863,12.690355329949238,20.812182741116754,171,3.3553299492385786,2.0862944162436547,29
575,19.65811965811966,22.64957264957265,20.51282051282051,191,3.948717948717949,2.1794871794871793,29
576,26.82926829268293,17.479674796747968,21.951219512195124,217,3.459349593495935,2.158536585365854,29
577,23.144104803493452,13.537117903930133,25.76419213973799,209,3.6331877729257642,2.1004366812227073,29
578,27.500000000000004,14.000000000000002,24.5,173,3.02,1.945,29
579,29.177057356608476,20.698254364089774,31.92019950124688,333,2.8204488778054864,1.628428927680798,29
580,50.53533190578159,16.488222698072803,40.899357601713064,417,2.398286937901499,1.0,29
581,27.65151515151515,14.393939393939394,15.151515151515152,240,3.628787878787879,2.034090909090909,29
582,27.27272727272727,13.875598086124402,22.48803827751196,180,3.617224880382775,1.985645933014354,29
583,33.92857142857143,13.839285714285715,22.767857142857142,197,3.7589285714285716,2.169642857142857,29
584,14.11042944785276,16.56441717791411,17.791411042944784,140,3.7423312883435584,2.128834355828221,29
585,22.277227722772277,15.346534653465346,22.772277227722775,181,4.202970297029703,2.1435643564356437,30
586,26.94610778443114,19.16167664670659,19.760479041916167,159,4.419161676646707,2.2754491017964074,30
587,28.26086956521739,16.304347826086957,25.36231884057971,251,4.239130434782608,2.2427536231884058,31
588,23.972602739726025,11.986301369863012,20.89041095890411,281,4.075342465753424,2.2739726027397262,32
589,17.51824817518248,11.678832116788321,16.423357664233578,249,4.3321167883211675,2.346715328467153,32
590,29.743589743589745,16.41025641025641,21.53846153846154,185,3.6102564102564103,2.3333333333333335,32
591,21.296296296296298,13.425925925925927,18.055555555555554,208,4.37962962962963,2.361111111111111,32
592,26.43312101910828,15.286624203821656,19.10828025477707,273,4.063694267515924,2.2643312101910826,32
593,27.014218009478675,18.95734597156398,25.118483412322274,196,3.744075829383886,2.3317535545023698,32
594,20.80536912751678,8.724832214765101,16.10738255033557,139,4.322147651006712,2.6241610738255035,32
595,20.348837209302324,16.27906976744186,18.023255813953487,158,4.5813953488372094,2.6744186046511627,32
596,23.369565217391305,13.043478260869565,22.282608695652172,174,3.608695652173913,2.527173913043478,32
597,21.27659574468085,7.801418439716312,16.312056737588655,128,4.212765957446808,2.645390070921986,32
598,19.17808219178082,13.698630136986301,19.17808219178082,138,4.205479452054795,2.4726027397260273,32
599,20.869565217391305,10.434782608695652,10.434782608695652,104,3.869565217391304,2.626086956521739,32
600,13.20754716981132,18.867924528301888,16.352201257861633,144,4.132075471698113,2.490566037735849,32
601,16.265060240963855,15.060240963855422,13.253012048192772,143,4.27710843373494,2.6867469879518073,32
602,16.972477064220186,14.678899082568808,18.34862385321101,191,3.967889908256881,2.261467889908257,33
603,17.46031746031746,14.285714285714285,17.46031746031746,104,4.674603174603175,2.5634920634920637,33
604,19.07514450867052,13.294797687861271,18.497109826589593,152,4.121387283236994,2.346820809248555,33
605,25.868725868725868,11.583011583011583,17.760617760617762,225,3.6525096525096523,2.247104247104247,33
606,28.205128205128204,14.358974358974358,23.076923076923077,183,3.287179487179487,2.1025641025641026,33
607,22.641509433962266,10.849056603773585,18.39622641509434,193,3.1132075471698113,2.080188679245283,33
608,22.641509433962266,9.433962264150944,20.125786163522015,146,3.547169811320755,2.238993710691824,33
609,22.807017543859647,9.35672514619883,13.450292397660817,154,3.654970760233918,2.345029239766082,33
610,18.75,10.795454545454545,13.068181818181818,155,3.7556818181818183,2.375,33
611,24.22360248447205,16.149068322981368,19.875776397515526,149,3.5217391304347827,2.37888198757764,33
612,25.951557093425603,17.99307958477509,27.33564013840831,270,3.0795847750865053,2.1660899653979238,33
613,29.655172413793103,15.172413793103448,31.03448275862069,129,3.213793103448276,2.331034482758621,33
614,25.37313432835821,16.91542288557214,24.875621890547265,176,3.218905472636816,2.3134328358208953,33
615,25.882352941176475,13.529411764705882,19.411764705882355,150,3.3941176470588235,2.3,33
616,24.285714285714285,13.333333333333334,19.047619047619047,196,2.9380952380952383,2.323809523809524,33
617,20.175438596491226,12.719298245614036,17.543859649122805,211,3.3552631578947367,2.3026315789473686,33
618,29.357798165137616,12.844036697247708,22.477064220183486,207,3.229357798165138,2.353211009174312,33
619,17.341040462427745,16.76300578034682,20.23121387283237,157,3.213872832369942,2.421965317919075,33
620,17.24137931034483,6.896551724137931,18.39080459770115,141,3.5229885057471266,2.3563218390804597,33
621,27.95275590551181,9.448818897637794,22.04724409448819,232,2.921259842519685,2.279527559055118,33
622,25.217391304347824,20.869565217391305,26.08695652173913,217,3.356521739130435,2.3043478260869565,33
623,30.18867924528302,8.962264150943396,21.22641509433962,202,3.938679245283019,2.400943396226415,33
624,18.789808917197455,14.012738853503185,18.152866242038215,301,3.627388535031847,2.299363057324841,33
625,25.773195876288657,12.886597938144329,22.164948453608247,179,3.4948453608247423,2.3350515463917527,33
626,25.36231884057971,15.217391304347828,21.014492753623188,257,3.3550724637681157,2.2753623188405796,33
627,18.784530386740332,15.469613259668508,18.784530386740332,169,3.7845303867403315,2.342541436464088,33
628,26.701570680628272,9.947643979057592,19.895287958115183,173,3.6282722513089007,2.397905759162304,33
629,14.361702127659576,9.574468085106384,12.76595744680851,167,4.122340425531915,2.675531914893617,33
630,25.94142259414226,13.389121338912133,22.17573221757322,208,3.3138075313807533,2.414225941422594,33
631,26.153846153846157,8.846153846153847,16.538461538461537,230,3.496153846153846,2.1538461538461537,33
632,19.745222929936308,6.369426751592357,16.560509554140125,134,3.732484076433121,2.3630573248407645,33
633,20.13888888888889,11.11111111111111,18.75,132,3.8194444444444446,2.298611111111111,33
634,22.97872340425532,9.787234042553191,16.595744680851062,215,4.127659574468085,2.1446808510638298,34
635,15.909090909090908,10.227272727272728,11.363636363636363,161,4.204545454545454,2.5511363636363638,34
636,46.835443037974684,6.962025316455696,31.0126582278481,155,4.848101265822785,2.5949367088607596,34
637,24.36548223350254,14.720812182741117,18.274111675126903,181,3.8426395939086295,2.3654822335025383,34
638,18.012422360248447,13.043478260869565,22.36024844720497,132,2.577639751552795,1.9565217391304348,35
639,28.695652173913043,24.347826086956523,44.34782608695652,110,2.5652173913043477,1.8869565217391304,35
640,20.54054054054054,11.891891891891893,16.756756756756758,171,3.7027027027027026,2.075675675675676,35
801,21.074380165289256,7.024793388429752,8.264462809917356,210,2.7644628099173554,1.8305785123966942,12
802,24.766355140186917,8.878504672897195,13.551401869158877,197,2.5233644859813085,1.1401869158878504,12
803,29.245283018867923,15.09433962264151,14.150943396226415,195,2.0943396226415096,1.5141509433962264,12
804,22.5,11.25,11.875,284,2.41875,1.45625,12
805,13.333333333333334,18.333333333333332,12.0,271,1.7466666666666666,1.4033333333333333,12
806,27.750000000000004,11.5,17.25,374,1.74,1.295,12
807,19.823788546255507,10.572687224669604,8.81057268722467,209,2.1674008810572687,1.9383259911894273,12
808,34.868421052631575,12.828947368421053,15.131578947368421,275,2.2401315789473686,1.5328947368421053,12
809,24.367088607594937,12.974683544303797,14.240506329113925,296,2.509493670886076,1.6740506329113924,12
810,39.0,23.666666666666668,37.666666666666664,272,1.78,1.31,18
811,34.686346863468636,20.66420664206642,32.47232472324723,241,1.7601476014760147,1.3505535055350553,18
812,45.320197044334975,19.458128078817737,35.960591133004925,377,1.7142857142857142,1.4137931034482758,18
813,36.26373626373626,12.087912087912088,26.64835164835165,332,2.1236263736263736,1.7582417582417582,18
814,34.23076923076923,13.846153846153847,30.76923076923077,229,2.3115384615384613,1.6807692307692308,18
815,29.268292682926827,15.853658536585366,26.21951219512195,302,1.875,1.5609756097560976,18
816,34.02777777777778,12.5,21.52777777777778,269,1.6701388888888888,1.7430555555555556,18
817,36.15960099750624,17.70573566084788,31.67082294264339,365,1.7581047381546135,1.6109725685785536,18
818,23.904382470119522,19.9203187250996,24.701195219123505,238,2.398406374501992,1.9203187250996017,18
819,35.374149659863946,11.904761904761903,21.08843537414966,273,1.9047619047619047,1.4319727891156462,18
820,34.77272727272727,16.136363636363637,26.36363636363636,402,1.5522727272727272,1.2363636363636363,18
821,36.70520231213873,20.520231213872833,29.47976878612717,311,1.4884393063583814,1.2630057803468209,18
822,31.16279069767442,12.093023255813954,31.627906976744185,199,2.8465116279069766,2.0232558139534884,22
823,33.13953488372093,16.569767441860463,29.941860465116278,287,2.4738372093023258,1.6133720930232558,22
824,29.35064935064935,18.7012987012987,33.506493506493506,323,1.6207792207792209,1.5194805194805194,22
825,36.44314868804665,15.451895043731778,36.734693877551024,268,1.7900874635568513,1.043731778425656,22
826,36.211699164345404,15.87743732590529,26.740947075208915,341,2.6267409470752088,1.6211699164345403,22
827,22.105263157894736,20.350877192982455,25.263157894736842,246,2.585964912280702,1.6842105263157894,22
828,39.285714285714285,16.36904761904762,41.36904761904761,286,1.8125,0.9047619047619048,22
829,35.92592592592593,14.814814814814813,27.037037037037038,247,3.7555555555555555,2.0814814814814815,22
830,25.076452599388375,18.654434250764528,20.489296636085626,285,2.223241590214067,1.492354740061162,22
831,34.124629080118694,19.881305637982198,39.46587537091988,296,1.6973293768545994,0.9940652818991098,22
832,25.089605734767023,14.336917562724013,25.806451612903224,224,2.3512544802867383,1.5949820788530467,22
833,30.65015479876161,18.575851393188856,30.030959752321984,297,3.4798761609907123,1.8544891640866874,22
834,35.41666666666667,18.75,33.85416666666667,337,1.34375,0.5755208333333334,22
835,27.683615819209038,18.64406779661017,32.20338983050847,329,1.6836158192090396,1.5254237288135593,22
836,24.641833810888254,15.18624641833811,26.07449856733524,295,1.7593123209169055,1.5702005730659025,22
837,28.90995260663507,10.90047393364929,21.80094786729858,179,4.289099526066351,1.8957345971563981,7
838,30.223880597014922,13.805970149253731,25.37313432835821,232,4.425373134328358,1.9179104477611941,7
839,22.509225092250922,4.797047970479705,16.974169741697416,216,4.284132841328414,1.96309963099631,7
840,22.07792207792208,6.493506493506493,15.259740259740258,265,4.016233766233766,1.853896103896104,7
841,28.428093645484946,6.688963210702341,18.06020066889632,228,4.54180602006689,1.9096989966555185,7
842,24.548736462093864,10.469314079422382,21.299638989169676,251,4.393501805054152,1.924187725631769,7
843,26.765799256505574,14.869888475836431,24.1635687732342,220,4.4981412639405205,1.828996282527881,7
844,28.57142857142857,7.346938775510205,15.10204081632653,207,4.616326530612245,1.8081632653061224,7
845,18.614718614718615,11.688311688311687,18.181818181818183,207,4.441558441558442,2.0995670995670994,7
846,24.18032786885246,9.426229508196721,15.163934426229508,211,4.454918032786885,2.028688524590164,7
847,28.980891719745223,7.006369426751593,15.92356687898089,259,4.25796178343949,1.7898089171974523,7
848,32.53968253968254,16.666666666666664,32.53968253968254,231,4.158730158730159,1.8333333333333333,24
849,43.82716049382716,26.851851851851855,45.06172839506173,300,2.2808641975308643,1.5802469135802468,24
850,29.411764705882355,25.735294117647058,37.13235294117647,244,3.2830882352941178,1.400735294117647,24
851,27.960526315789476,22.36842105263158,29.93421052631579,267,3.3914473684210527,1.4605263157894737,24
852,42.901234567901234,23.456790123456788,44.135802469135804,283,2.111111111111111,1.0432098765432098,24
853,25.892857142857146,20.833333333333336,31.845238095238095,291,3.2738095238095237,1.0595238095238095,24
854,38.513513513513516,16.554054054054053,28.040540540540544,260,3.199324324324324,1.5033783783783783,24
855,26.126126126126124,22.52252252252252,28.37837837837838,212,3.7432432432432434,1.472972972972973,24
856,33.193277310924366,14.285714285714285,23.10924369747899,211,3.3949579831932772,1.7142857142857142,24
857,32.22591362126246,24.916943521594686,33.222591362126245,257,2.6245847176079735,1.5282392026578073,24
858,40.88235294117647,22.941176470588236,46.76470588235294,316,2.0058823529411764,1.6352941176470588,24
859,30.69908814589666,22.492401215805472,31.30699088145897,304,3.7142857142857144,1.5775075987841944,24
860,41.94373401534527,31.45780051150895,48.59335038363171,349,2.4680306905370846,1.588235294117647,24
861,35.42435424354243,15.498154981549817,34.686346863468636,244,3.940959409594096,1.7601476014760147,24
862,32.402234636871505,28.212290502793298,37.709497206703915,324,2.522346368715084,1.3016759776536313,24
863,35.43859649122807,23.859649122807017,38.24561403508772,255,2.982456140350877,1.3473684210526315,24
864,38.333333333333336,18.75,37.916666666666664,224,3.7041666666666666,1.9,24
865,24.92581602373887,5.341246290801187,18.694362017804153,290,4.032640949554896,1.9851632047477745,6
866,20.209059233449477,9.059233449477352,14.285714285714285,242,4.111498257839721,1.9686411149825784,6
867,18.248175182481752,8.75912408759124,16.78832116788321,61,2.591240875912409,1.437956204379562,23
868,25.43640897755611,19.950124688279303,25.43640897755611,362,2.663341645885287,1.5236907730673317,23
869,32.057416267942585,21.5311004784689,36.84210526315789,195,2.8373205741626792,1.4354066985645932,27
870,33.170731707317074,14.634146341463413,24.878048780487806,169,3.902439024390244,1.975609756097561,27
871,36.10315186246418,18.624641833810887,24.92836676217765,327,1.8767908309455588,1.5787965616045845,17
872,46.130653266331656,7.939698492462312,22.412060301507537,911,1.7949748743718592,1.1366834170854272,17
873,32.3943661971831,9.859154929577464,15.140845070422534,260,1.721830985915493,1.6267605633802817,17
874,30.745341614906835,18.012422360248447,26.70807453416149,301,1.906832298136646,1.531055900621118,17
875,47.94238683127572,9.77366255144033,25.823045267489714,902,1.7541152263374487,1.4763374485596708,17
876,40.06849315068493,14.383561643835616,28.767123287671232,281,2.4863013698630136,1.7431506849315068,17
877,44.5,8.625,26.25,736,1.65875,1.11,17
878,54.27312775330396,7.312775330396476,28.986784140969164,1052,1.5118942731277534,1.3753303964757708,17
879,31.27147766323024,8.24742268041237,17.869415807560138,258,3.6975945017182132,1.6804123711340206,3
880,26.198083067092654,12.140575079872203,20.766773162939298,283,4.108626198083067,1.5463258785942493,3
881,19.047619047619047,7.326007326007327,11.72161172161172,216,4.358974358974359,1.934065934065934,3
882,19.51219512195122,8.94308943089431,10.16260162601626,217,4.369918699186992,2.1260162601626016,3
883,38.46153846153847,23.717948717948715,43.91025641025641,268,2.871794871794872,1.5737179487179487,36
884,26.48401826484018,19.17808219178082,24.200913242009133,200,3.315068493150685,1.9589041095890412,36
885,20.2020202020202,10.1010101010101,12.626262626262626,124,4.46969696969697,2.0707070707070705,36
886,25.72614107883817,13.692946058091287,30.29045643153527,204,3.5311203319502074,1.838174273858921,36
887,28.640776699029125,18.932038834951456,27.669902912621357,172,3.3883495145631066,2.179611650485437,36
888,28.934010152284262,27.918781725888326,34.01015228426396,176,2.9035532994923856,1.7918781725888324,36
889,43.76899696048632,15.19756838905775,37.68996960486322,284,2.9240121580547114,1.2188449848024316,36
890,27.659574468085108,24.113475177304963,37.5886524822695,230,2.7943262411347516,1.5921985815602837,36
891,25.888324873096447,11.16751269035533,23.3502538071066,165,3.7258883248730963,2.253807106598985,36
892,19.473684210526315,23.684210526315788,24.736842105263158,173,3.4105263157894736,1.936842105263158,36
893,31.797235023041477,29.03225806451613,35.944700460829495,182,2.3686635944700463,1.3410138248847927,36
894,27.040816326530614,16.3265306122449,23.97959183673469,166,3.0969387755102042,1.9489795918367347,36
895,38.2089552238806,16.417910447761194,30.74626865671642,304,3.262686567164179,1.5492537313432835,36
896,23.5,17.5,25.0,177,3.27,2.165,36
897,29.81651376146789,17.431192660550458,36.69724770642202,180,2.706422018348624,1.7293577981651376,36
898,22.362869198312236,8.438818565400844,16.033755274261605,184,4.236286919831223,2.1223628691983123,36
899,31.620553359683797,25.691699604743086,29.64426877470356,226,3.1264822134387353,1.691699604743083,36
900,28.57142857142857,23.809523809523807,26.455026455026452,166,3.566137566137566,1.8253968253968254,36
901,26.8,14.799999999999999,29.599999999999998,211,3.208,1.688,36
902,26.136363636363637,22.727272727272727,33.71212121212121,227,3.3181818181818183,1.7954545454545454,36
903,24.390243902439025,22.5609756097561,28.04878048780488,148,3.768292682926829,2.182926829268293,36
904,19.51219512195122,16.260162601626014,23.577235772357724,211,3.4186991869918697,2.182926829268293,36
905,29.87551867219917,11.20331950207469,24.066390041493776,195,3.933609958506224,1.950207468879668,36
906,25.622775800711743,19.217081850533805,27.75800711743772,226,3.0,1.7793594306049823,36
907,22.844827586206897,15.086206896551724,23.70689655172414,180,3.2586206896551726,2.1206896551724137,36
908,24.550898203592812,22.75449101796407,26.34730538922156,144,3.3532934131736525,2.0059880239520957,36
909,23.60655737704918,14.098360655737704,28.196721311475407,224,2.9311475409836065,1.8229508196721311,36
910,35.0,12.692307692307692,30.384615384615383,227,3.1653846153846152,1.4346153846153846,36
911,32.98429319371728,16.75392670157068,36.64921465968586,172,2.9476439790575917,2.094240837696335,36
912,26.576576576576578,23.873873873873876,33.33333333333333,196,3.9324324324324325,2.2567567567567566,36
913,35.12544802867383,8.960573476702509,25.448028673835125,255,3.5412186379928317,2.078853046594982,36
914,21.90082644628099,22.31404958677686,28.09917355371901,223,2.115702479338843,1.7975206611570247,16
915,40.29126213592233,14.563106796116504,22.330097087378643,191,1.912621359223301,1.7233009708737863,16
916,24.34017595307918,23.46041055718475,30.205278592375368,307,2.0498533724340176,1.7038123167155426,16
917,32.20338983050847,13.559322033898304,20.33898305084746,216,2.2203389830508473,1.8093220338983051,16
918,22.440944881889763,14.173228346456693,20.47244094488189,223,1.7125984251968505,1.7244094488188977,16
919,29.411764705882355,18.33910034602076,30.103806228373703,270,1.6955017301038062,1.6089965397923875,16
920,28.57142857142857,11.11111111111111,21.164021164021165,180,2.64021164021164,1.9576719576719577,16
921,29.599999999999998,16.2,27.400000000000002,409,2.204,1.314,9
922,46.858168761220824,15.080789946140035,39.31777378815081,498,2.213644524236984,0.755834829443447,9
923,21.810699588477366,13.168724279835391,18.51851851851852,191,4.308641975308642,1.8559670781893005,9
924,28.073394495412845,15.229357798165138,25.321100917431195,483,3.8770642201834864,1.5321100917431192,9
925,31.222707423580786,15.72052401746725,24.890829694323145,411,3.1921397379912664,1.2685589519650655,9
926,25.775656324582343,15.513126491646778,23.86634844868735,360,3.7183770883054894,1.458233890214797,9
927,41.54929577464789,11.267605633802818,26.056338028169012,375,2.0821596244131455,1.4225352112676057,9
928,46.141215106732346,12.31527093596059,26.76518883415435,547,2.6551724137931036,0.9326765188834154,9
929,25.968992248062015,18.410852713178294,23.25581395348837,454,3.4573643410852712,1.0077519379844961,9
930,27.488151658767773,9.24170616113744,24.407582938388625,351,2.2701421800947865,1.8293838862559242,9
931,36.101083032490976,23.465703971119133,38.628158844765345,251,2.7509025270758123,1.7003610108303249,19
932,31.716417910447763,18.28358208955224,29.1044776119403,250,2.078358208955224,1.671641791044776,19
